{
	"credit": "Made with Blockbench",
	"texture_size": [128, 128],
	"textures": {
		"0": "custom/skins/owlsdev/moon_bow/moon_bow",
		"particle": "custom/skins/owlsdev/moon_bow/moon_bow"
	},
	"elements": [
		{
			"from": [6.49, 21.84183, 8.97662],
			"to": [8.49, 25.84183, 10.97662],
			"rotation": {"angle": 45, "axis": "x", "origin": [7.49, 24.34183, 9.50162]},
			"faces": {
				"north": {"uv": [3.75, 3, 4, 3.5], "texture": "#0"},
				"east": {"uv": [3.5, 3, 3.75, 3.5], "texture": "#0"},
				"south": {"uv": [4.25, 3, 4.5, 3.5], "texture": "#0"},
				"west": {"uv": [4, 3, 4.25, 3.5], "texture": "#0"},
				"up": {"uv": [4, 3, 3.75, 2.75], "texture": "#0"},
				"down": {"uv": [4.25, 2.75, 4, 3], "texture": "#0"}
			}
		},
		{
			"from": [6.49, 24.72832, 10.20985],
			"to": [8.49, 30.72832, 12.20985],
			"rotation": {"angle": -45, "axis": "x", "origin": [7.49, 26.72832, 12.55985]},
			"faces": {
				"north": {"uv": [0.75, 3, 1, 3.75], "texture": "#0"},
				"east": {"uv": [0.5, 3, 0.75, 3.75], "texture": "#0"},
				"south": {"uv": [1.25, 3, 1.5, 3.75], "texture": "#0"},
				"west": {"uv": [1, 3, 1.25, 3.75], "texture": "#0"},
				"up": {"uv": [1, 3, 0.75, 2.75], "texture": "#0"},
				"down": {"uv": [1.25, 2.75, 1, 3], "texture": "#0"}
			}
		},
		{
			"from": [6.48, 19.48418, 5.47267],
			"to": [8.52, 23.52418, 7.51267],
			"rotation": {"angle": 22.5, "axis": "x", "origin": [7.5, 18.50418, 4.99267]},
			"faces": {
				"north": {"uv": [1.75, 3.5, 2, 4], "texture": "#0"},
				"east": {"uv": [1.5, 3.5, 1.75, 4], "texture": "#0"},
				"south": {"uv": [2.25, 3.5, 2.5, 4], "texture": "#0"},
				"west": {"uv": [2, 3.5, 2.25, 4], "texture": "#0"},
				"up": {"uv": [2, 3.5, 1.75, 3.25], "texture": "#0"},
				"down": {"uv": [2.25, 3.25, 2, 3.5], "texture": "#0"}
			}
		},
		{
			"from": [6.5, 17.50418, 1.49267],
			"to": [8.5, 19.50418, 7.49267],
			"rotation": {"angle": 22.5, "axis": "x", "origin": [7.5, 18.50418, 4.99267]},
			"faces": {
				"north": {"uv": [1.25, 1.75, 1.5, 2], "texture": "#0"},
				"east": {"uv": [0.5, 1.75, 1.25, 2], "texture": "#0"},
				"south": {"uv": [2.25, 1.75, 2.5, 2], "texture": "#0"},
				"west": {"uv": [1.5, 1.75, 2.25, 2], "texture": "#0"},
				"up": {"uv": [1.5, 1.75, 1.25, 1], "texture": "#0"},
				"down": {"uv": [1.75, 1, 1.5, 1.75], "texture": "#0"}
			}
		},
		{
			"from": [7.5, 19.6547, 0.32391],
			"to": [8.5, 20.6547, 1.32391],
			"rotation": {"angle": -22.5, "axis": "x", "origin": [8, 20.2297, 0.57391]},
			"faces": {
				"north": {"uv": [0.625, 1.125, 0.75, 1.25], "texture": "#0"},
				"east": {"uv": [0.5, 1.125, 0.625, 1.25], "texture": "#0"},
				"south": {"uv": [0.875, 1.125, 1, 1.25], "texture": "#0"},
				"west": {"uv": [0.75, 1.125, 0.875, 1.25], "texture": "#0"},
				"up": {"uv": [0.75, 1.125, 0.625, 1], "texture": "#0"},
				"down": {"uv": [0.875, 1, 0.75, 1.125], "texture": "#0"}
			}
		},
		{
			"from": [7.5, -4.87854, 0.08396],
			"to": [8.5, -3.87854, 1.08396],
			"rotation": {"angle": 22.5, "axis": "x", "origin": [8, -4.37854, 0.80896]},
			"faces": {
				"north": {"uv": [0.625, 1.125, 0.75, 1.25], "texture": "#0"},
				"east": {"uv": [0.5, 1.125, 0.625, 1.25], "texture": "#0"},
				"south": {"uv": [0.875, 1.125, 1, 1.25], "texture": "#0"},
				"west": {"uv": [0.75, 1.125, 0.875, 1.25], "texture": "#0"},
				"up": {"uv": [0.75, 1.125, 0.625, 1], "texture": "#0"},
				"down": {"uv": [0.875, 1, 0.75, 1.125], "texture": "#0"}
			}
		},
		{
			"from": [7.5, 28.74089, 7.62723],
			"to": [8.5, 29.74089, 8.62723],
			"rotation": {"angle": 0, "axis": "y", "origin": [8, 29.16589, 8.10223]},
			"faces": {
				"north": {"uv": [0.625, 1.125, 0.75, 1.25], "texture": "#0"},
				"east": {"uv": [0.5, 1.125, 0.625, 1.25], "texture": "#0"},
				"south": {"uv": [0.875, 1.125, 1, 1.25], "texture": "#0"},
				"west": {"uv": [0.75, 1.125, 0.875, 1.25], "texture": "#0"},
				"up": {"uv": [0.75, 1.125, 0.625, 1], "texture": "#0"},
				"down": {"uv": [0.875, 1, 0.75, 1.125], "texture": "#0"}
			}
		},
		{
			"from": [7.5, -14.00911, 7.62723],
			"to": [8.5, -13.00911, 8.62723],
			"rotation": {"angle": 0, "axis": "y", "origin": [8, 29.16589, 8.10223]},
			"faces": {
				"north": {"uv": [0.625, 1.125, 0.75, 1.25], "texture": "#0"},
				"east": {"uv": [0.5, 1.125, 0.625, 1.25], "texture": "#0"},
				"south": {"uv": [0.875, 1.125, 1, 1.25], "texture": "#0"},
				"west": {"uv": [0.75, 1.125, 0.875, 1.25], "texture": "#0"},
				"up": {"uv": [0.75, 1.125, 0.625, 1], "texture": "#0"},
				"down": {"uv": [0.875, 1, 0.75, 1.125], "texture": "#0"}
			}
		},
		{
			"from": [6.51, 14.51314, 3.5079],
			"to": [8.49, 17.49314, 5.4879],
			"rotation": {"angle": 22.5, "axis": "x", "origin": [7.5, 16.00314, 4.4979]},
			"faces": {
				"north": {"uv": [4.625, 0.25, 4.875, 0.625], "texture": "#0"},
				"east": {"uv": [4.375, 0.25, 4.625, 0.625], "texture": "#0"},
				"south": {"uv": [5.125, 0.25, 5.375, 0.625], "texture": "#0"},
				"west": {"uv": [4.875, 0.25, 5.125, 0.625], "texture": "#0"},
				"up": {"uv": [4.875, 0.25, 4.625, 0], "texture": "#0"},
				"down": {"uv": [5.125, 0, 4.875, 0.25], "texture": "#0"}
			}
		},
		{
			"from": [6.5, 12, 3],
			"to": [8.5, 15, 5],
			"rotation": {"angle": 0, "axis": "y", "origin": [-0.5, 2, 0]},
			"faces": {
				"north": {"uv": [4.5, 3.5, 4.75, 3.875], "texture": "#0"},
				"east": {"uv": [4.25, 3.5, 4.5, 3.875], "texture": "#0"},
				"south": {"uv": [5, 3.5, 5.25, 3.875], "texture": "#0"},
				"west": {"uv": [4.75, 3.5, 5, 3.875], "texture": "#0"},
				"up": {"uv": [4.75, 3.5, 4.5, 3.25], "texture": "#0"},
				"down": {"uv": [5, 3.25, 4.75, 3.5], "texture": "#0"}
			}
		},
		{
			"from": [7, 6, 3],
			"to": [8, 10, 4],
			"rotation": {"angle": 0, "axis": "y", "origin": [-0.5, 2, 0]},
			"faces": {
				"north": {"uv": [0.625, 0.125, 0.75, 0.625], "texture": "#0"},
				"east": {"uv": [0.5, 0.125, 0.625, 0.625], "texture": "#0"},
				"south": {"uv": [0.875, 0.125, 1, 0.625], "texture": "#0"},
				"west": {"uv": [0.75, 0.125, 0.875, 0.625], "texture": "#0"},
				"up": {"uv": [0.75, 0.125, 0.625, 0], "texture": "#0"},
				"down": {"uv": [0.875, 0, 0.75, 0.125], "texture": "#0"}
			}
		},
		{
			"from": [6.25, 10, 0],
			"to": [9.25, 12, 5],
			"rotation": {"angle": 0, "axis": "y", "origin": [7.5, 7.5, 4.5]},
			"faces": {
				"north": {"uv": [2.5, 2, 2.875, 2.25], "texture": "#0"},
				"east": {"uv": [1.875, 2, 2.5, 2.25], "texture": "#0"},
				"south": {"uv": [3.5, 2, 3.875, 2.25], "texture": "#0"},
				"west": {"uv": [2.875, 2, 3.5, 2.25], "texture": "#0"},
				"up": {"uv": [2.875, 2, 2.5, 1.375], "texture": "#0"},
				"down": {"uv": [3.25, 1.375, 2.875, 2], "texture": "#0"}
			}
		},
		{
			"from": [6.45714, -14.72832, 10.20985],
			"to": [8.45714, -8.72832, 12.20985],
			"rotation": {"angle": 45, "axis": "x", "origin": [7.45714, -10.72832, 12.55985]},
			"faces": {
				"north": {"uv": [2, 2.5, 2.25, 3.25], "texture": "#0"},
				"east": {"uv": [1.75, 2.5, 2, 3.25], "texture": "#0"},
				"south": {"uv": [2.5, 2.5, 2.75, 3.25], "texture": "#0"},
				"west": {"uv": [2.25, 2.5, 2.5, 3.25], "texture": "#0"},
				"up": {"uv": [2.25, 2.5, 2, 2.25], "texture": "#0"},
				"down": {"uv": [2.5, 2.25, 2.25, 2.5], "texture": "#0"}
			}
		},
		{
			"from": [6.45714, -9.84183, 8.97662],
			"to": [8.45714, -5.84183, 10.97662],
			"rotation": {"angle": -45, "axis": "x", "origin": [7.45714, -8.34183, 9.50162]},
			"faces": {
				"north": {"uv": [2.75, 3.25, 3, 3.75], "texture": "#0"},
				"east": {"uv": [2.5, 3.25, 2.75, 3.75], "texture": "#0"},
				"south": {"uv": [3.25, 3.25, 3.5, 3.75], "texture": "#0"},
				"west": {"uv": [3, 3.25, 3.25, 3.75], "texture": "#0"},
				"up": {"uv": [3, 3.25, 2.75, 3], "texture": "#0"},
				"down": {"uv": [3.25, 3, 3, 3.25], "texture": "#0"}
			}
		},
		{
			"from": [6.44714, -7.52418, 5.47267],
			"to": [8.48714, -3.48418, 7.51267],
			"rotation": {"angle": -22.5, "axis": "x", "origin": [7.46714, -2.50418, 4.99267]},
			"faces": {
				"north": {"uv": [3, 2.5, 3.25, 3], "texture": "#0"},
				"east": {"uv": [2.75, 2.5, 3, 3], "texture": "#0"},
				"south": {"uv": [3.5, 2.5, 3.75, 3], "texture": "#0"},
				"west": {"uv": [3.25, 2.5, 3.5, 3], "texture": "#0"},
				"up": {"uv": [3.25, 2.5, 3, 2.25], "texture": "#0"},
				"down": {"uv": [3.5, 2.25, 3.25, 2.5], "texture": "#0"}
			}
		},
		{
			"from": [6.46714, -3.69552, 1.53073],
			"to": [8.46714, -1.69552, 7.53073],
			"rotation": {"angle": -22.5, "axis": "x", "origin": [7.46714, -2.69552, 4.53073]},
			"faces": {
				"north": {"uv": [1.25, 0.75, 1.5, 1], "texture": "#0"},
				"east": {"uv": [0.5, 0.75, 1.25, 1], "texture": "#0"},
				"south": {"uv": [2.25, 0.75, 2.5, 1], "texture": "#0"},
				"west": {"uv": [1.5, 0.75, 2.25, 1], "texture": "#0"},
				"up": {"uv": [1.5, 0.75, 1.25, 0], "texture": "#0"},
				"down": {"uv": [1.75, 0, 1.5, 0.75], "texture": "#0"}
			}
		},
		{
			"from": [6.47714, -1.49314, 3.5079],
			"to": [8.45714, 1.48686, 5.4879],
			"rotation": {"angle": -22.5, "axis": "x", "origin": [7.46714, -0.00314, 4.4979]},
			"faces": {
				"north": {"uv": [4.5, 2.5, 4.75, 2.875], "texture": "#0"},
				"east": {"uv": [4.25, 2.5, 4.5, 2.875], "texture": "#0"},
				"south": {"uv": [5, 2.5, 5.25, 2.875], "texture": "#0"},
				"west": {"uv": [4.75, 2.5, 5, 2.875], "texture": "#0"},
				"up": {"uv": [4.75, 2.5, 4.5, 2.25], "texture": "#0"},
				"down": {"uv": [5, 2.25, 4.75, 2.5], "texture": "#0"}
			}
		},
		{
			"from": [6.46714, 1, 3],
			"to": [8.46714, 4, 5],
			"rotation": {"angle": 0, "axis": "y", "origin": [-0.53286, 14, 0]},
			"faces": {
				"north": {"uv": [3.5, 3.75, 3.75, 4.125], "texture": "#0"},
				"east": {"uv": [3.25, 3.75, 3.5, 4.125], "texture": "#0"},
				"south": {"uv": [4, 3.75, 4.25, 4.125], "texture": "#0"},
				"west": {"uv": [3.75, 3.75, 4, 4.125], "texture": "#0"},
				"up": {"uv": [3.75, 3.75, 3.5, 3.5], "texture": "#0"},
				"down": {"uv": [4, 3.5, 3.75, 3.75], "texture": "#0"}
			}
		},
		{
			"from": [6.21714, 4, 0],
			"to": [9.21714, 6, 5],
			"rotation": {"angle": 0, "axis": "y", "origin": [7.46714, 8.5, 4.5]},
			"faces": {
				"north": {"uv": [2.5, 1, 2.875, 1.25], "texture": "#0"},
				"east": {"uv": [1.875, 1, 2.5, 1.25], "texture": "#0"},
				"south": {"uv": [3.5, 1, 3.875, 1.25], "texture": "#0"},
				"west": {"uv": [2.875, 1, 3.5, 1.25], "texture": "#0"},
				"up": {"uv": [2.875, 1, 2.5, 0.375], "texture": "#0"},
				"down": {"uv": [3.25, 0.375, 2.875, 1], "texture": "#0"}
			}
		},
		{
			"from": [6.21714, 6, 0],
			"to": [9.21714, 10, 2],
			"rotation": {"angle": 0, "axis": "y", "origin": [7.46714, 8.5, 4.5]},
			"faces": {
				"north": {"uv": [0.75, 2.25, 1.125, 2.75], "texture": "#0"},
				"east": {"uv": [0.5, 2.25, 0.75, 2.75], "texture": "#0"},
				"south": {"uv": [1.375, 2.25, 1.75, 2.75], "texture": "#0"},
				"west": {"uv": [1.125, 2.25, 1.375, 2.75], "texture": "#0"},
				"up": {"uv": [1.125, 2.25, 0.75, 2], "texture": "#0"},
				"down": {"uv": [1.5, 2, 1.125, 2.25], "texture": "#0"}
			}
		},
		{
			"name": "string_one",
			"from": [7.475, 6, 14],
			"to": [7.475, 25, 15],
			"rotation": {"angle": -22.5, "axis": "x", "origin": [7.475, 16, 11.5]},
			"faces": {
				"north": {"uv": [4.25, 0.125, 4.25, 2.5], "texture": "#0"},
				"east": {"uv": [4.125, 0.125, 4.25, 2.5], "texture": "#0"},
				"south": {"uv": [4.375, 0.125, 4.375, 2.5], "texture": "#0"},
				"west": {"uv": [4.25, 0.125, 4.375, 2.5], "texture": "#0"},
				"up": {"uv": [4.25, 0.125, 4.25, 0], "texture": "#0"},
				"down": {"uv": [4.25, 0, 4.25, 0.125], "texture": "#0"}
			}
		},
		{
			"name": "string_one",
			"from": [7.475, -9, 14],
			"to": [7.475, 10, 15],
			"rotation": {"angle": 22.5, "axis": "x", "origin": [7.475, 0, 11.5]},
			"faces": {
				"north": {"uv": [4, 0.125, 4, 2.5], "texture": "#0"},
				"east": {"uv": [3.875, 0.125, 4, 2.5], "texture": "#0"},
				"south": {"uv": [4.125, 0.125, 4.125, 2.5], "texture": "#0"},
				"west": {"uv": [4, 0.125, 4.125, 2.5], "texture": "#0"},
				"up": {"uv": [4, 0.125, 4, 0], "texture": "#0"},
				"down": {"uv": [4, 0, 4, 0.125], "texture": "#0"}
			}
		},
		{
			"name": "arrow",
			"from": [7.475, 6.75, -8],
			"to": [7.475, 9.75, 25],
			"rotation": {"angle": -22.5, "axis": "z", "origin": [7.475, 8.25, 12.5]},
			"faces": {
				"north": {"uv": [4.125, 4.125, 4.125, 4.5], "texture": "#0"},
				"east": {"uv": [0, 4.125, 4.125, 4.5], "texture": "#0"},
				"south": {"uv": [8.25, 4.125, 8.25, 4.5], "texture": "#0"},
				"west": {"uv": [4.125, 4.125, 8.25, 4.5], "texture": "#0"},
				"up": {"uv": [4.125, 4.125, 4.125, 0], "texture": "#0"},
				"down": {"uv": [4.125, 0, 4.125, 4.125], "texture": "#0"}
			}
		}
	],
	"gui_light": "front",
	"display": {
		"thirdperson_righthand": {
			"translation": [0, -2.25, 3],
			"scale": [0.77, 0.77, 0.77]
		},
		"thirdperson_lefthand": {
			"translation": [0, -2.25, 3],
			"scale": [0.77, 0.77, 0.77]
		},
		"firstperson_righthand": {
			"rotation": [28, 30, 0],
			"translation": [8.5, 0.75, -5.25],
			"scale": [0.68, 0.68, 0.68]
		},
		"firstperson_lefthand": {
			"rotation": [10, 8, -180],
			"translation": [8.5, 4, 0.25],
			"scale": [0.68, 0.68, 0.68]
		},
		"ground": {
			"rotation": [-45, 0, 0],
			"translation": [0, 7.75, 0],
			"scale": [0.65, 0.65, 0.65]
		},
		"gui": {
			"rotation": [90, 45, -90],
			"translation": [-1, 0.75, -1],
			"scale": [0.52, 0.52, 0.52]
		},
		"head": {
			"rotation": [91, -35, 90],
			"translation": [-1, -17, 4]
		},
		"fixed": {
			"rotation": [90, -45, 90],
			"translation": [0.75, 1.25, -1],
			"scale": [0.64, 0.64, 0.64]
		}
	},
	"groups": [
		{
			"name": "group",
			"origin": [8, 8, 8],
			"color": 0,
			"children": [
				{
					"name": "main frame",
					"origin": [7.51, -8.34183, 9.50162],
					"color": 0,
					"children": [
						0,
						1,
						2,
						3,
						4,
						5,
						6,
						7,
						8,
						9,
						10,
						{
							"name": "moon",
							"origin": [-0.5, 2, 0],
							"color": 0,
							"children": [
								11,
								12,
								13,
								14,
								15,
								16,
								17,
								18,
								19,
								{
									"name": "string_2",
									"origin": [-0.5, 2, 0],
									"color": 0,
									"children": [
										{
											"name": "string_2",
											"origin": [-0.5, 2, 0],
											"color": 0,
											"children": [20, 21]
										}
									]
								}
							]
						}
					]
				},
				{
					"name": "arrow",
					"origin": [7.475, 8.25, 12.5],
					"color": 0,
					"children": [22]
				}
			]
		}
	]
}