{
	"credit": "Made with Blockbench",
	"texture_size": [64, 64],
	"textures": {
		"1": "custom/skins/owlsdev/moon_axe",
		"particle": "block/texture"
	},
	"elements": [
		{
			"from": [7.5, 0, 7.5],
			"to": [8.5, 26, 8.5],
			"rotation": {"angle": 45, "axis": "y", "origin": [8, 13, 8]},
			"faces": {
				"north": {"uv": [0.25, 0.25, 0.5, 6.75], "texture": "#1"},
				"east": {"uv": [0, 0.25, 0.25, 6.75], "texture": "#1"},
				"south": {"uv": [0.75, 0.25, 1, 6.75], "texture": "#1"},
				"west": {"uv": [0.5, 0.25, 0.75, 6.75], "texture": "#1"},
				"up": {"uv": [0.5, 0.25, 0.25, 0], "texture": "#1"},
				"down": {"uv": [0.75, 0, 0.5, 0.25], "texture": "#1"}
			}
		},
		{
			"from": [6.99, 21.59, 6.515],
			"to": [9.01, 22.61, 9.535],
			"rotation": {"angle": 0, "axis": "y", "origin": [8, 13.5, 7.85]},
			"faces": {
				"north": {"uv": [8, 0.75, 8.5, 1], "texture": "#1"},
				"east": {"uv": [7.25, 0.75, 8, 1], "texture": "#1"},
				"south": {"uv": [9.25, 0.75, 9.75, 1], "texture": "#1"},
				"west": {"uv": [8.5, 0.75, 9.25, 1], "texture": "#1"},
				"up": {"uv": [8.5, 0.75, 8, 0], "texture": "#1"},
				"down": {"uv": [9, 0, 8.5, 0.75], "texture": "#1"}
			}
		},
		{
			"from": [6.49, 22.59, 5.74],
			"to": [9.51, 25.61, 7.76],
			"rotation": {"angle": 0, "axis": "y", "origin": [8.5, 13.5, 7.5]},
			"faces": {
				"north": {"uv": [6.5, 4, 7.25, 4.75], "texture": "#1"},
				"east": {"uv": [6, 4, 6.5, 4.75], "texture": "#1"},
				"south": {"uv": [7.75, 4, 8.5, 4.75], "texture": "#1"},
				"west": {"uv": [7.25, 4, 7.75, 4.75], "texture": "#1"},
				"up": {"uv": [7.25, 4, 6.5, 3.5], "texture": "#1"},
				"down": {"uv": [8, 3.5, 7.25, 4], "texture": "#1"}
			}
		},
		{
			"from": [7, 25.6, 6.475],
			"to": [9, 26.6, 9.475],
			"rotation": {"angle": 0, "axis": "y", "origin": [8, 13.5, 7.85]},
			"faces": {
				"north": {"uv": [6, 7.25, 6.5, 7.5], "texture": "#1"},
				"east": {"uv": [5.25, 7.25, 6, 7.5], "texture": "#1"},
				"south": {"uv": [7.25, 7.25, 7.75, 7.5], "texture": "#1"},
				"west": {"uv": [6.5, 7.25, 7.25, 7.5], "texture": "#1"},
				"up": {"uv": [6.5, 7.25, 6, 6.5], "texture": "#1"},
				"down": {"uv": [7, 6.5, 6.5, 7.25], "texture": "#1"}
			}
		},
		{
			"from": [7.99, 16.59, -0.235],
			"to": [8.01, 26.61, 4.785],
			"rotation": {"angle": 0, "axis": "y", "origin": [7.5, 24.1, 2.5]},
			"faces": {
				"north": {"uv": [4.5, 4.5, 4.5, 7], "texture": "#1"},
				"east": {"uv": [3.25, 4.5, 4.5, 7], "texture": "#1"},
				"south": {"uv": [5.75, 4.5, 5.75, 7], "texture": "#1"},
				"west": {"uv": [4.5, 4.5, 5.75, 7], "texture": "#1"},
				"up": {"uv": [4.5, 4.5, 4.5, 3.25], "texture": "#1"},
				"down": {"uv": [4.5, 3.25, 4.5, 4.5], "texture": "#1"}
			}
		},
		{
			"from": [7.49, 15.59, 0.765],
			"to": [8.51, 27.61, 5.785],
			"rotation": {"angle": 0, "axis": "y", "origin": [8, 24.1, 2.5]},
			"faces": {
				"north": {"uv": [2.5, 1.25, 2.75, 4.25], "texture": "#1"},
				"east": {"uv": [1.25, 1.25, 2.5, 4.25], "texture": "#1"},
				"south": {"uv": [4, 1.25, 4.25, 4.25], "texture": "#1"},
				"west": {"uv": [2.75, 1.25, 4, 4.25], "texture": "#1"},
				"up": {"uv": [2.75, 1.25, 2.5, 0], "texture": "#1"},
				"down": {"uv": [3, 0, 2.75, 1.25], "texture": "#1"}
			}
		},
		{
			"name": "handle_bauble",
			"from": [6.5, -0.37123, 6.34623],
			"to": [9.5, 1.62877, 7.34623],
			"rotation": {"angle": 45, "axis": "x", "origin": [8, 1.12877, 8.37123]},
			"faces": {
				"north": {"uv": [0.25, 8, 1, 8.5], "texture": "#1"},
				"east": {"uv": [0, 8, 0.25, 8.5], "texture": "#1"},
				"south": {"uv": [1.25, 8, 2, 8.5], "texture": "#1"},
				"west": {"uv": [1, 8, 1.25, 8.5], "texture": "#1"},
				"up": {"uv": [1, 8, 0.25, 7.75], "texture": "#1"},
				"down": {"uv": [1.75, 7.75, 1, 8], "texture": "#1"}
			}
		},
		{
			"name": "handle_bauble",
			"from": [6.5, 0, 7.5],
			"to": [9.5, 3, 9.5],
			"rotation": {"angle": 45, "axis": "x", "origin": [7, 1.5, 8]},
			"faces": {
				"north": {"uv": [6.5, 5.5, 7.25, 6.25], "texture": "#1"},
				"east": {"uv": [6, 5.5, 6.5, 6.25], "texture": "#1"},
				"south": {"uv": [7.75, 5.5, 8.5, 6.25], "texture": "#1"},
				"west": {"uv": [7.25, 5.5, 7.75, 6.25], "texture": "#1"},
				"up": {"uv": [7.25, 5.5, 6.5, 5], "texture": "#1"},
				"down": {"uv": [8, 5, 7.25, 5.5], "texture": "#1"}
			}
		},
		{
			"name": "handle_bauble",
			"from": [7, 0.5, 5.5],
			"to": [9, 1.5, 10.5],
			"rotation": {"angle": -45, "axis": "x", "origin": [6.5, 1.5, 8]},
			"faces": {
				"north": {"uv": [7.25, 3, 7.75, 3.25], "texture": "#1"},
				"east": {"uv": [6, 3, 7.25, 3.25], "texture": "#1"},
				"south": {"uv": [9, 3, 9.5, 3.25], "texture": "#1"},
				"west": {"uv": [7.75, 3, 9, 3.25], "texture": "#1"},
				"up": {"uv": [7.75, 3, 7.25, 1.75], "texture": "#1"},
				"down": {"uv": [8.25, 1.75, 7.75, 3], "texture": "#1"}
			}
		},
		{
			"name": "handle_bauble",
			"from": [7, 0.5, 5.5],
			"to": [9, 1.5, 10.5],
			"rotation": {"angle": 45, "axis": "x", "origin": [6.5, 1.5, 8]},
			"faces": {
				"north": {"uv": [1.25, 7.25, 1.75, 7.5], "texture": "#1"},
				"east": {"uv": [0, 7.25, 1.25, 7.5], "texture": "#1"},
				"south": {"uv": [3, 7.25, 3.5, 7.5], "texture": "#1"},
				"west": {"uv": [1.75, 7.25, 3, 7.5], "texture": "#1"},
				"up": {"uv": [1.75, 7.25, 1.25, 6], "texture": "#1"},
				"down": {"uv": [2.25, 6, 1.75, 7.25], "texture": "#1"}
			}
		},
		{
			"name": "handle_bauble",
			"from": [7.5, 24.14531, 9.15],
			"to": [8.5, 25.14531, 10.15],
			"rotation": {"angle": 45, "axis": "x", "origin": [8.5, 24.09531, 9.225]},
			"faces": {
				"north": {"uv": [1.5, 0.25, 1.75, 0.5], "texture": "#1"},
				"east": {"uv": [1.25, 0.25, 1.5, 0.5], "texture": "#1"},
				"south": {"uv": [2, 0.25, 2.25, 0.5], "texture": "#1"},
				"west": {"uv": [1.75, 0.25, 2, 0.5], "texture": "#1"},
				"up": {"uv": [1.75, 0.25, 1.5, 0], "texture": "#1"},
				"down": {"uv": [2, 0, 1.75, 0.25], "texture": "#1"}
			}
		},
		{
			"from": [6.99, 17.615, 1.765],
			"to": [9.01, 26.635, 4.785],
			"rotation": {"angle": 0, "axis": "y", "origin": [5.5, 9, 10]},
			"faces": {
				"north": {"uv": [5.25, 0.75, 5.75, 3], "texture": "#1"},
				"east": {"uv": [4.5, 0.75, 5.25, 3], "texture": "#1"},
				"south": {"uv": [6.5, 0.75, 7, 3], "texture": "#1"},
				"west": {"uv": [5.75, 0.75, 6.5, 3], "texture": "#1"},
				"up": {"uv": [5.75, 0.75, 5.25, 0], "texture": "#1"},
				"down": {"uv": [6.25, 0, 5.75, 0.75], "texture": "#1"}
			}
		}
	],
	"gui_light": "front",
	"display": {
		"thirdperson_righthand": {
			"translation": [0, -5, 0.75],
			"scale": [0.92, 0.92, 0.92]
		},
		"thirdperson_lefthand": {
			"translation": [0, -5, 0.75],
			"scale": [0.92, 0.92, 0.92]
		},
		"firstperson_righthand": {
			"rotation": [30, 0, 0],
			"translation": [6, -7.75, -8],
			"scale": [0.8, 0.8, 0.8]
		},
		"firstperson_lefthand": {
			"rotation": [30, 0, 0],
			"translation": [6, -7.75, -8],
			"scale": [0.8, 0.8, 0.8]
		},
		"ground": {
			"rotation": [-45, 0, 0],
			"translation": [0, 2, 0],
			"scale": [0.5, 0.5, 0.5]
		},
		"gui": {
			"rotation": [-90, -45, -90],
			"translation": [-3.5, -2, 1.5],
			"scale": [0.56, 0.56, 0.56]
		},
		"head": {
			"rotation": [90, -38, -90],
			"translation": [-4.25, -12.5, 4.25],
			"scale": [1.3, 1.3, 1.3]
		},
		"fixed": {
			"rotation": [-90, 45, 90],
			"translation": [5.5, -3.75, -1.25]
		}
	},
	"groups": [
		0,
		{
			"name": "mooin",
			"origin": [-0.5, 2, 0],
			"color": 0,
			"children": [1, 2, 3]
		},
		{
			"name": "axe",
			"origin": [6, 3, 6],
			"color": 2,
			"children": [4, 5, 6, 7, 8, 9, 10, 11]
		}
	]
}