{
	"texture_size": [32, 32],
	"textures": {
		"2": "custom/skins/owlsdev/anim_pulse_gem",
		"5": "custom/skins/owlsdev/pulse_axe"
	},
	"elements": [
		{
			"from": [4.501, -9.2, 7],
			"to": [8.501, -8.2, 9],
			"rotation": {"angle": 45, "axis": "z", "origin": [8, -8.7, 8]},
			"faces": {
				"north": {"uv": [6, 10.5, 8, 11], "texture": "#5"},
				"east": {"uv": [12, 0, 13, 0.5], "texture": "#5"},
				"south": {"uv": [8, 10.5, 10, 11], "texture": "#5"},
				"west": {"uv": [12, 0.5, 13, 1], "texture": "#5"},
				"up": {"uv": [3.5, 11, 1.5, 10], "texture": "#5"},
				"down": {"uv": [12, 1.5, 10, 2.5], "texture": "#5"}
			}
		},
		{
			"from": [4.5, -9.2, 7],
			"to": [4.5, -8.2, 9],
			"rotation": {"angle": 45, "axis": "z", "origin": [8, -8.7, 8]},
			"faces": {
				"north": {"uv": [0, 0, 0, 0.5], "texture": "#5"},
				"east": {"uv": [12, 1, 13, 1.5], "texture": "#5"},
				"south": {"uv": [0, 0, 0, 0.5], "texture": "#5"},
				"west": {"uv": [12, 1.5, 13, 2], "texture": "#5"},
				"up": {"uv": [0, 1, 0, 0], "texture": "#5"},
				"down": {"uv": [0, 0, 0, 1], "texture": "#5"}
			}
		},
		{
			"from": [4.501, -12.2, 7],
			"to": [8.501, -11.2, 9],
			"rotation": {"angle": 45, "axis": "z", "origin": [8, -8.7, 18]},
			"faces": {
				"north": {"uv": [1.5, 11, 3.5, 11.5], "texture": "#5"},
				"east": {"uv": [12, 2, 13, 2.5], "texture": "#5"},
				"south": {"uv": [11, 4.5, 13, 5], "texture": "#5"},
				"west": {"uv": [12, 2.5, 13, 3], "texture": "#5"},
				"up": {"uv": [12, 3.5, 10, 2.5], "texture": "#5"},
				"down": {"uv": [12, 3.5, 10, 4.5], "texture": "#5"}
			}
		},
		{
			"from": [7.5, -11.2, 7],
			"to": [8.5, -9.2, 9],
			"rotation": {"angle": 45, "axis": "z", "origin": [8, -8.7, 18]},
			"faces": {
				"north": {"uv": [12, 3, 12.5, 4], "texture": "#5"},
				"east": {"uv": [11, 5, 12, 6], "texture": "#5"},
				"south": {"uv": [3.5, 12, 4, 13], "texture": "#5"},
				"west": {"uv": [6, 11, 7, 12], "texture": "#5"},
				"up": {"uv": [4.5, 13, 4, 12], "texture": "#5"},
				"down": {"uv": [12.5, 5, 12, 6], "texture": "#5"}
			}
		},
		{
			"from": [4.499, -11.2, 7],
			"to": [5.499, -9.2, 9],
			"rotation": {"angle": 45, "axis": "z", "origin": [8, -8.7, 18]},
			"faces": {
				"north": {"uv": [6, 12, 6.5, 13], "texture": "#5"},
				"east": {"uv": [11, 6, 12, 7], "texture": "#5"},
				"south": {"uv": [12, 6, 12.5, 7], "texture": "#5"},
				"west": {"uv": [7, 11, 8, 12], "texture": "#5"},
				"up": {"uv": [7, 13, 6.5, 12], "texture": "#5"},
				"down": {"uv": [7.5, 12, 7, 13], "texture": "#5"}
			}
		},
		{
			"name": "anim",
			"from": [7, -11.82132, 7],
			"to": [9, -9.82132, 9],
			"rotation": {"angle": -45, "axis": "z", "origin": [8, -10.82132, 8]},
			"faces": {
				"north": {"uv": [1.5, 2.75, 1, 2.25], "texture": "#2"},
				"east": {"uv": [0, 0, 0, 0], "texture": "#2"},
				"south": {"uv": [1, 2.75, 1.5, 2.25], "texture": "#2"},
				"west": {"uv": [0, 0, 0, 0], "texture": "#2"},
				"up": {"uv": [0, 0, 0, 0], "texture": "#2"},
				"down": {"uv": [0, 0, 0, 0], "texture": "#2"}
			}
		},
		{
			"from": [4, 10, 7],
			"to": [6, 13, 9],
			"rotation": {"angle": 0, "axis": "y", "origin": [8, 6.5, 8]},
			"faces": {
				"north": {"uv": [10, 6.5, 11, 8], "texture": "#5"},
				"east": {"uv": [10, 8, 11, 9.5], "texture": "#5"},
				"south": {"uv": [10, 9.5, 11, 11], "texture": "#5"},
				"west": {"uv": [3.5, 10.5, 4.5, 12], "texture": "#5"},
				"up": {"uv": [12, 8, 11, 7], "texture": "#5"},
				"down": {"uv": [9, 11, 8, 12], "texture": "#5"}
			}
		},
		{
			"from": [-0.03089, 11.80471, 7.48],
			"to": [1.00911, 12.84471, 8.52],
			"rotation": {"angle": -22.5, "axis": "z", "origin": [2.98911, 12.32471, 11.98]},
			"faces": {
				"north": {"uv": [3.5, 10, 4, 10.5], "texture": "#5"},
				"south": {"uv": [12, 11.5, 12.5, 12], "texture": "#5"},
				"west": {"uv": [12.5, 5, 13, 5.5], "texture": "#5"}
			}
		},
		{
			"from": [-0.01558, 12.84167, 7.48],
			"to": [1.02442, 13.88167, 8.52],
			"rotation": {"angle": -22.5, "axis": "z", "origin": [3.00442, 12.36167, 11.98]},
			"faces": {
				"north": {"uv": [12.5, 5.5, 13, 6], "texture": "#5"},
				"south": {"uv": [12.5, 6, 13, 6.5], "texture": "#5"},
				"west": {"uv": [12.5, 6.5, 13, 7], "texture": "#5"},
				"up": {"uv": [8, 13, 7.5, 12.5], "texture": "#5"}
			}
		},
		{
			"from": [1.02137, 12.82636, 7.48],
			"to": [3.06137, 13.86636, 8.52],
			"rotation": {"angle": -22.5, "axis": "z", "origin": [3.04137, 12.34636, 11.98]},
			"faces": {
				"north": {"uv": [12, 4, 13, 4.5], "texture": "#5"},
				"south": {"uv": [12, 7, 13, 7.5], "texture": "#5"},
				"up": {"uv": [8.5, 12.5, 7.5, 12], "texture": "#5"}
			}
		},
		{
			"from": [3.05833, 12.81105, 7.48],
			"to": [5.09833, 13.85105, 8.52],
			"rotation": {"angle": -22.5, "axis": "z", "origin": [3.07833, 12.33105, 11.98]},
			"faces": {
				"north": {"uv": [12, 7.5, 13, 8], "texture": "#5"},
				"east": {"uv": [8, 12.5, 8.5, 13], "texture": "#5"},
				"south": {"uv": [12, 8, 13, 8.5], "texture": "#5"},
				"up": {"uv": [9.5, 12.5, 8.5, 12], "texture": "#5"}
			}
		},
		{
			"from": [0, 8, 7.5],
			"to": [1, 13, 8.5],
			"rotation": {"angle": 0, "axis": "y", "origin": [2.98702, 11.48611, 8]},
			"faces": {
				"north": {"uv": [4.5, 10.5, 5, 13], "texture": "#5"},
				"south": {"uv": [5, 10.5, 5.5, 13], "texture": "#5"},
				"west": {"uv": [5.5, 10.5, 6, 13], "texture": "#5"}
			}
		},
		{
			"from": [-0.32214, 6.65953, 7.48],
			"to": [0.71786, 7.69953, 8.52],
			"rotation": {"angle": 22.5, "axis": "z", "origin": [1.69786, 9.17953, 7.98]},
			"faces": {
				"north": {"uv": [8.5, 12.5, 9, 13], "texture": "#5"},
				"south": {"uv": [9, 12.5, 9.5, 13], "texture": "#5"},
				"west": {"uv": [10.5, 12.5, 11, 13], "texture": "#5"},
				"up": {"uv": [11.5, 13, 11, 12.5], "texture": "#5"},
				"down": {"uv": [12, 12.5, 11.5, 13], "texture": "#5"}
			}
		},
		{
			"from": [0.71481, 6.67483, 7.48],
			"to": [2.75481, 7.71483, 8.52],
			"rotation": {"angle": 22.5, "axis": "z", "origin": [1.73481, 9.19483, 7.98]},
			"faces": {
				"north": {"uv": [12, 8.5, 13, 9], "texture": "#5"},
				"south": {"uv": [12, 9, 13, 9.5], "texture": "#5"},
				"west": {"uv": [12.5, 11.5, 13, 12], "texture": "#5"},
				"down": {"uv": [13, 9.5, 12, 10], "texture": "#5"}
			}
		},
		{
			"from": [2.82789, 6.30746, 7.48],
			"to": [4.86789, 7.34746, 8.52],
			"rotation": {"angle": 22.5, "axis": "z", "origin": [0.84789, 8.82746, 7.98]},
			"faces": {
				"north": {"uv": [12, 10, 13, 10.5], "texture": "#5"},
				"east": {"uv": [12, 12.5, 12.5, 13], "texture": "#5"},
				"south": {"uv": [10.5, 12, 11.5, 12.5], "texture": "#5"},
				"down": {"uv": [13, 10.5, 12, 11], "texture": "#5"}
			}
		},
		{
			"from": [-0.41357, 8.07917, 7.48],
			"to": [0.62643, 9.11917, 8.52],
			"rotation": {"angle": 22.5, "axis": "z", "origin": [2.60643, 9.59917, 7.98]},
			"faces": {
				"north": {"uv": [12.5, 12, 13, 12.5], "texture": "#5"},
				"south": {"uv": [12.5, 12.5, 13, 13], "texture": "#5"},
				"west": {"uv": [13, 0, 13.5, 0.5], "texture": "#5"},
				"up": {"uv": [13.5, 1, 13, 0.5], "texture": "#5"}
			}
		},
		{
			"from": [9.97, 12.02, 7.02],
			"to": [11.93, 12.98, 8.98],
			"rotation": {"angle": 0, "axis": "y", "origin": [7.95, 6.5, 8]},
			"faces": {
				"north": {"uv": [12, 11, 13, 11.5], "texture": "#5"},
				"south": {"uv": [11.5, 12, 12.5, 12.5], "texture": "#5"},
				"up": {"uv": [12, 9, 11, 8], "texture": "#5"},
				"down": {"uv": [10, 11, 9, 12], "texture": "#5"}
			}
		},
		{
			"from": [11.57645, 8.71223, 7],
			"to": [12.57645, 12.71223, 9],
			"rotation": {"angle": -45, "axis": "z", "origin": [11.57645, 11.21223, 7.94]},
			"faces": {
				"north": {"uv": [11, 9, 11.5, 11], "texture": "#5"},
				"east": {"uv": [10, 4.5, 11, 6.5], "texture": "#5"},
				"south": {"uv": [10, 11, 10.5, 13], "texture": "#5"},
				"up": {"uv": [10, 13, 9.5, 12], "texture": "#5"},
				"down": {"uv": [0.5, 12.5, 0, 13.5], "texture": "#5"}
			}
		},
		{
			"from": [10.57645, 12.713, 7],
			"to": [12.57645, 12.713, 9],
			"rotation": {"angle": -45, "axis": "z", "origin": [11.57645, 11.21223, 7.94]},
			"faces": {
				"up": {"uv": [10, 14, 9.5, 13], "texture": "#5"}
			}
		},
		{
			"from": [10.57645, 11.71223, 7],
			"to": [11.57645, 12.71223, 9],
			"rotation": {"angle": -45, "axis": "z", "origin": [11.57645, 11.21223, 7.94]},
			"faces": {
				"north": {"uv": [1, 13, 1.5, 13.5], "texture": "#5"},
				"south": {"uv": [13, 1, 13.5, 1.5], "texture": "#5"},
				"up": {"uv": [1, 13.5, 0.5, 12.5], "texture": "#5"}
			}
		},
		{
			"from": [10.57645, 8.71223, 7],
			"to": [11.57645, 9.71223, 9],
			"rotation": {"angle": -45, "axis": "z", "origin": [11.57645, 11.21223, 7.94]},
			"faces": {
				"north": {"uv": [1.5, 13, 2, 13.5], "texture": "#5"},
				"south": {"uv": [13, 1.5, 13.5, 2], "texture": "#5"},
				"down": {"uv": [13, 3, 12.5, 4], "texture": "#5"}
			}
		},
		{
			"name": "anim",
			"from": [9.97, 10.11, 7.02],
			"to": [10.93, 11.07, 8.98],
			"rotation": {"angle": 0, "axis": "y", "origin": [7.95, 6.54, 8]},
			"faces": {
				"north": {"uv": [3, 2, 2.75, 2.25], "texture": "#2"},
				"south": {"uv": [2.75, 2.25, 3, 2.5], "texture": "#2"}
			}
		},
		{
			"name": "anim",
			"from": [9.97, 11.07, 7.02],
			"to": [11.93, 12.03, 8.98],
			"rotation": {"angle": 0, "axis": "y", "origin": [7.95, 6.5, 8]},
			"faces": {
				"north": {"uv": [3, 2, 2.75, 2.25], "texture": "#2"},
				"south": {"uv": [2.75, 2, 3, 2.25], "texture": "#2"}
			}
		},
		{
			"name": "anim",
			"from": [10.57645, 9.71223, 7],
			"to": [11.57645, 11.71223, 9],
			"rotation": {"angle": -45, "axis": "z", "origin": [11.57645, 11.21223, 7.94]},
			"faces": {
				"north": {"uv": [3, 2, 2.75, 2.5], "texture": "#2"},
				"south": {"uv": [2.75, 2, 3, 2.5], "texture": "#2"}
			}
		},
		{
			"name": "anim",
			"from": [2.6544, 8.10732, 7.48],
			"to": [4.6944, 9.14732, 8.52],
			"rotation": {"angle": 22.5, "axis": "z", "origin": [2.6744, 9.62732, 8.98]},
			"faces": {
				"north": {"uv": [2.75, 2.5, 2.25, 2.75], "texture": "#2"},
				"east": {"uv": [2.5, 2.5, 2.75, 2.75], "texture": "#2"},
				"south": {"uv": [2.25, 2.5, 2.75, 2.75], "texture": "#2"}
			}
		},
		{
			"name": "anim",
			"from": [0.62594, 8.08163, 7.48],
			"to": [2.66594, 9.12163, 8.52],
			"rotation": {"angle": 22.5, "axis": "z", "origin": [2.61237, 9.60163, 8.98]},
			"faces": {
				"north": {"uv": [2.25, 2.75, 1.75, 3], "texture": "#2"},
				"south": {"uv": [1.75, 2.75, 2.25, 3], "texture": "#2"}
			}
		},
		{
			"name": "anim",
			"from": [1, 8, 7.5],
			"to": [5, 13, 8.5],
			"rotation": {"angle": 0, "axis": "y", "origin": [3.98702, 11.48611, 8]},
			"faces": {
				"north": {"uv": [2.75, 1.75, 1.75, 3], "texture": "#2"},
				"east": {"uv": [2.5, 1.75, 2.75, 3], "texture": "#2"},
				"south": {"uv": [1.75, 1.75, 2.75, 3], "texture": "#2"}
			}
		},
		{
			"name": "anim",
			"from": [0.96911, 11.80471, 7.48],
			"to": [3.00911, 12.84471, 8.52],
			"rotation": {"angle": -22.5, "axis": "z", "origin": [2.98911, 12.32471, 3.98]},
			"faces": {
				"north": {"uv": [2.25, 1.75, 1.75, 2], "texture": "#2"},
				"south": {"uv": [1.75, 1.75, 2.25, 2], "texture": "#2"}
			}
		},
		{
			"name": "anim",
			"from": [3.00607, 11.78941, 7.48],
			"to": [5.04607, 12.82941, 8.52],
			"rotation": {"angle": -22.5, "axis": "z", "origin": [3.02607, 12.30941, 7.98]},
			"faces": {
				"north": {"uv": [2.75, 2, 2.25, 2.25], "texture": "#2"},
				"south": {"uv": [2.25, 2, 2.75, 2.25], "texture": "#2"}
			}
		},
		{
			"name": "anim",
			"from": [7, 9, 6.5],
			"to": [9, 14, 9.5],
			"rotation": {"angle": 0, "axis": "y", "origin": [0, 23, 0]},
			"faces": {
				"north": {"uv": [1, 0.75, 1.5, 2], "texture": "#2"},
				"south": {"uv": [1.5, 0.75, 1, 2], "texture": "#2"}
			}
		},
		{
			"from": [6.48, 8.48, 6.48],
			"to": [9.52, 11.52, 9.52],
			"rotation": {"angle": 45, "axis": "z", "origin": [8, 10, 8]},
			"faces": {
				"north": {"uv": [7, 0, 8.5, 1.5], "texture": "#5"},
				"east": {"uv": [7, 1.5, 8.5, 3], "texture": "#5"},
				"south": {"uv": [7, 3, 8.5, 4.5], "texture": "#5"},
				"west": {"uv": [7, 4.5, 8.5, 6], "texture": "#5"},
				"up": {"uv": [8.5, 7.5, 7, 6], "texture": "#5"},
				"down": {"uv": [8.5, 7.5, 7, 9], "texture": "#5"}
			}
		},
		{
			"from": [6, 10, 6.5],
			"to": [7, 13, 9.5],
			"rotation": {"angle": 0, "axis": "y", "origin": [13.5, 23, 0]},
			"faces": {
				"north": {"uv": [11.5, 0, 12, 1.5], "texture": "#5"},
				"east": {"uv": [8.5, 0, 10, 1.5], "texture": "#5"},
				"south": {"uv": [1, 11.5, 1.5, 13], "texture": "#5"},
				"west": {"uv": [8.5, 1.5, 10, 3], "texture": "#5"},
				"up": {"uv": [2, 13, 1.5, 11.5], "texture": "#5"},
				"down": {"uv": [2.5, 11.5, 2, 13], "texture": "#5"}
			}
		},
		{
			"from": [6.48, 11.48, 6.48],
			"to": [9.52, 14.52, 9.52],
			"rotation": {"angle": -45, "axis": "z", "origin": [8, 13, 8]},
			"faces": {
				"north": {"uv": [8.5, 3, 10, 4.5], "texture": "#5"},
				"east": {"uv": [8.5, 4.5, 10, 6], "texture": "#5"},
				"south": {"uv": [8.5, 6, 10, 7.5], "texture": "#5"},
				"west": {"uv": [8.5, 7.5, 10, 9], "texture": "#5"},
				"up": {"uv": [5.5, 10.5, 4, 9], "texture": "#5"},
				"down": {"uv": [7, 9, 5.5, 10.5], "texture": "#5"}
			}
		},
		{
			"from": [9, 10, 6.5],
			"to": [10, 13, 9.5],
			"rotation": {"angle": 0, "axis": "y", "origin": [2.5, 23, 0]},
			"faces": {
				"north": {"uv": [2.5, 11.5, 3, 13], "texture": "#5"},
				"east": {"uv": [7, 9, 8.5, 10.5], "texture": "#5"},
				"south": {"uv": [3, 11.5, 3.5, 13], "texture": "#5"},
				"west": {"uv": [8.5, 9, 10, 10.5], "texture": "#5"},
				"up": {"uv": [12, 10.5, 11.5, 9], "texture": "#5"},
				"down": {"uv": [12, 10.5, 11.5, 12], "texture": "#5"}
			}
		},
		{
			"from": [6.5, -7, 6.5],
			"to": [9.5, 2, 9.5],
			"rotation": {"angle": 0, "axis": "y", "origin": [8, -2.7, 8]},
			"faces": {
				"north": {"uv": [4, 0, 5.5, 4.5], "texture": "#5"},
				"east": {"uv": [4, 4.5, 5.5, 9], "texture": "#5"},
				"south": {"uv": [5.5, 0, 7, 4.5], "texture": "#5"},
				"west": {"uv": [5.5, 4.5, 7, 9], "texture": "#5"},
				"up": {"uv": [1.5, 11.5, 0, 10], "texture": "#5"},
				"down": {"uv": [11.5, 0, 10, 1.5], "texture": "#5"}
			}
		},
		{
			"from": [7.02, -9.98, 7.02],
			"to": [8.98, 9.98, 8.98],
			"rotation": {"angle": 0, "axis": "y", "origin": [0, 20, 0]},
			"faces": {
				"north": {"uv": [0, 0, 1, 10], "texture": "#5"},
				"east": {"uv": [1, 0, 2, 10], "texture": "#5"},
				"south": {"uv": [2, 0, 3, 10], "texture": "#5"},
				"west": {"uv": [3, 0, 4, 10], "texture": "#5"},
				"up": {"uv": [11.5, 12, 10.5, 11], "texture": "#5"},
				"down": {"uv": [1, 11.5, 0, 12.5], "texture": "#5"}
			}
		},
		{
			"from": [3.98, 10.98, 6.38],
			"to": [7.02, 14.02, 6.42],
			"rotation": {"angle": 0, "axis": "y", "origin": [-2, 21, 16]},
			"faces": {
				"north": {"uv": [8.75, 1.5, 8, 2.25], "texture": "#2"}
			}
		},
		{
			"from": [8.98, 11.98, 6.38],
			"to": [12.02, 15.02, 6.42],
			"rotation": {"angle": 0, "axis": "y", "origin": [3, 20, 16]},
			"faces": {
				"north": {"uv": [8.75, 2.25, 8, 3], "texture": "#2"}
			}
		},
		{
			"from": [5.98, 12.98, 6.38],
			"to": [9.02, 16.02, 6.42],
			"rotation": {"angle": 0, "axis": "y", "origin": [2, 21, 16]},
			"faces": {
				"north": {"uv": [10.25, 1.5, 9.5, 2.25], "texture": "#2"}
			}
		},
		{
			"from": [7.98, 9.98, 6.38],
			"to": [11.02, 13.02, 6.42],
			"rotation": {"angle": 0, "axis": "y", "origin": [-1, 18, 16]},
			"faces": {
				"north": {"uv": [10.25, 0.75, 9.5, 1.5], "texture": "#2"}
			}
		},
		{
			"from": [3.98, 4.98, 6.38],
			"to": [9.02, 10.02, 6.42],
			"rotation": {"angle": 0, "axis": "y", "origin": [-1, 10, 16]},
			"faces": {
				"north": {"uv": [12.25, 3.75, 11, 5], "texture": "#2"}
			}
		},
		{
			"from": [6.98, -6.02, 6.38],
			"to": [12.02, -0.98, 6.42],
			"rotation": {"angle": 0, "axis": "y", "origin": [2, 0, 16]},
			"faces": {
				"north": {"uv": [16, 0, 14.75, 1.25], "texture": "#2"}
			}
		},
		{
			"from": [6.98, 0.98, 6.38],
			"to": [12.02, 6.02, 6.42],
			"rotation": {"angle": 0, "axis": "y", "origin": [2, 13, 16]},
			"faces": {
				"north": {"uv": [14.75, 1.25, 13.5, 2.5], "texture": "#2"}
			}
		},
		{
			"from": [2.98, -6.02, 6.38],
			"to": [8.02, -0.98, 6.42],
			"rotation": {"angle": 0, "axis": "y", "origin": [-1, 4, 16]},
			"faces": {
				"north": {"uv": [14.75, 2.5, 13.5, 3.75], "texture": "#2"}
			}
		},
		{
			"from": [3.98, 10.98, 9.58],
			"to": [7.02, 14.02, 9.62],
			"rotation": {"angle": 0, "axis": "y", "origin": [-2, 21, 0]},
			"faces": {
				"south": {"uv": [8, 1.5, 8.75, 2.25], "texture": "#2"}
			}
		},
		{
			"from": [8.98, 11.98, 9.58],
			"to": [12.02, 15.02, 9.62],
			"rotation": {"angle": 0, "axis": "y", "origin": [3, 20, 0]},
			"faces": {
				"south": {"uv": [8, 2.25, 8.75, 3], "texture": "#2"}
			}
		},
		{
			"from": [5.98, 12.98, 9.58],
			"to": [9.02, 16.02, 9.62],
			"rotation": {"angle": 0, "axis": "y", "origin": [2, 21, 0]},
			"faces": {
				"south": {"uv": [9.5, 1.5, 10.25, 2.25], "texture": "#2"}
			}
		},
		{
			"from": [7.98, 9.98, 9.58],
			"to": [11.02, 13.02, 9.62],
			"rotation": {"angle": 0, "axis": "y", "origin": [-1, 18, 0]},
			"faces": {
				"south": {"uv": [9.5, 0.75, 10.25, 1.5], "texture": "#2"}
			}
		},
		{
			"from": [3.98, 4.98, 9.58],
			"to": [9.02, 10.02, 9.62],
			"rotation": {"angle": 0, "axis": "y", "origin": [-1, 10, 0]},
			"faces": {
				"south": {"uv": [11, 3.75, 12.25, 5], "texture": "#2"}
			}
		},
		{
			"from": [6.98, -6.02, 9.58],
			"to": [12.02, -0.98, 9.62],
			"rotation": {"angle": 0, "axis": "y", "origin": [2, 0, 0]},
			"faces": {
				"south": {"uv": [14.75, 0, 16, 1.25], "texture": "#2"}
			}
		},
		{
			"from": [6.98, 0.98, 9.58],
			"to": [12.02, 6.02, 9.62],
			"rotation": {"angle": 0, "axis": "y", "origin": [2, 13, 0]},
			"faces": {
				"south": {"uv": [13.5, 1.25, 14.75, 2.5], "texture": "#2"}
			}
		},
		{
			"from": [2.98, -6.02, 9.58],
			"to": [8.02, -0.98, 9.62],
			"rotation": {"angle": 0, "axis": "y", "origin": [-1, 4, 0]},
			"faces": {
				"south": {"uv": [13.5, 2.5, 14.75, 3.75], "texture": "#2"}
			}
		}
	],
	"gui_light": "front",
	"display": {
		"thirdperson_righthand": {
			"rotation": [-10, -90, 0],
			"translation": [0, 5.5, 0.25],
			"scale": [0.7, 0.7, 0.7]
		},
		"thirdperson_lefthand": {
			"rotation": [-10, 90, 0],
			"translation": [0, 5.5, 0.25],
			"scale": [0.7, 0.7, 0.7]
		},
		"firstperson_righthand": {
			"rotation": [20, -90, 0],
			"translation": [2.75, 3.25, -0.75],
			"scale": [0.6, 0.6, 0.6]
		},
		"firstperson_lefthand": {
			"rotation": [20, 90, 0],
			"translation": [2.75, 3.25, -0.75],
			"scale": [0.6, 0.6, 0.6]
		},
		"ground": {
			"rotation": [0, 0, -45],
			"translation": [2.5, 8.5, 0],
			"scale": [0.5, 0.5, 0.5]
		},
		"gui": {
			"rotation": [0, 0, -45],
			"translation": [2, 2, -0.75],
			"scale": [0.65, 0.65, 0.65]
		},
		"head": {
			"rotation": [0, 0, 45],
			"translation": [14, 3.5, 0.75],
			"scale": [0.6, 0.6, 0.6]
		},
		"fixed": {
			"rotation": [0, -180, -45],
			"translation": [-2.5, 2.5, -0.75],
			"scale": [0.75, 0.75, 0.75]
		}
	},
	"groups": [
		{
			"name": "pickaxe",
			"origin": [8, 8, 8],
			"color": 0,
			"children": [
				{
					"name": "pommel",
					"origin": [8, -10.85, 8],
					"color": 0,
					"children": [0, 1, 2, 3, 4, 5]
				},
				6,
				7,
				8,
				9,
				10,
				11,
				12,
				13,
				14,
				15,
				16,
				17,
				18,
				19,
				20,
				21,
				22,
				23,
				24,
				25,
				26,
				27,
				28,
				29,
				30,
				31,
				32,
				33,
				34,
				35,
				{
					"name": "amni",
					"origin": [0, 11, 0],
					"color": 0,
					"children": [
						{
							"name": "s1",
							"origin": [-1, 4, 16],
							"color": 0,
							"children": [36, 37, 38, 39, 40, 41, 42, 43]
						},
						{
							"name": "s2",
							"origin": [-1, 4, 16],
							"color": 0,
							"children": [44, 45, 46, 47, 48, 49, 50, 51]
						}
					]
				}
			]
		}
	]
}