{
	"texture_size": [32, 32],
	"textures": {
		"2": "custom/skins/owlsdev/anim_pulse_gem",
		"3": "custom/skins/owlsdev/pulse_pickaxe",
		"particle": "custom/skins/owlsdev/pulse_pickaxe"
	},
	"elements": [
		{
			"from": [4.501, -9.2, 7],
			"to": [8.501, -8.2, 9],
			"rotation": {"angle": 45, "axis": "z", "origin": [8, -8.7, 8]},
			"faces": {
				"north": {"uv": [10, 6.5, 12, 7], "texture": "#3"},
				"east": {"uv": [7.5, 11.5, 8.5, 12], "texture": "#3"},
				"south": {"uv": [10, 7, 12, 7.5], "texture": "#3"},
				"west": {"uv": [8.5, 11.5, 9.5, 12], "texture": "#3"},
				"up": {"uv": [3.5, 11, 1.5, 10], "texture": "#3"},
				"down": {"uv": [12, 1.5, 10, 2.5], "texture": "#3"}
			}
		},
		{
			"from": [4.5, -9.2, 7],
			"to": [4.5, -8.2, 9],
			"rotation": {"angle": 45, "axis": "z", "origin": [8, -8.7, 8]},
			"faces": {
				"west": {"uv": [8.5, 11.5, 9.5, 12], "texture": "#3"}
			}
		},
		{
			"from": [4.501, -12.2, 7],
			"to": [8.501, -11.2, 9],
			"rotation": {"angle": 45, "axis": "z", "origin": [8, -8.7, 18]},
			"faces": {
				"north": {"uv": [10, 9.5, 12, 10], "texture": "#3"},
				"east": {"uv": [11.5, 10.5, 12.5, 11], "texture": "#3"},
				"south": {"uv": [10, 10, 12, 10.5], "texture": "#3"},
				"west": {"uv": [11.5, 11.5, 12.5, 12], "texture": "#3"},
				"up": {"uv": [12, 3.5, 10, 2.5], "texture": "#3"},
				"down": {"uv": [12, 3.5, 10, 4.5], "texture": "#3"}
			}
		},
		{
			"from": [7.5, -11.2, 7],
			"to": [8.5, -9.2, 9],
			"rotation": {"angle": 45, "axis": "z", "origin": [8, -8.7, 18]},
			"faces": {
				"north": {"uv": [0, 12, 0.5, 13], "texture": "#3"},
				"east": {"uv": [3.5, 10.5, 4.5, 11.5], "texture": "#3"},
				"south": {"uv": [0.5, 12, 1, 13], "texture": "#3"},
				"west": {"uv": [4.5, 10.5, 5.5, 11.5], "texture": "#3"},
				"up": {"uv": [1.5, 13, 1, 12], "texture": "#3"},
				"down": {"uv": [12.5, 1.5, 12, 2.5], "texture": "#3"}
			}
		},
		{
			"from": [4.499, -11.2, 7],
			"to": [5.499, -9.2, 9],
			"rotation": {"angle": 45, "axis": "z", "origin": [8, -8.7, 18]},
			"faces": {
				"north": {"uv": [12, 2.5, 12.5, 3.5], "texture": "#3"},
				"east": {"uv": [5.5, 10.5, 6.5, 11.5], "texture": "#3"},
				"south": {"uv": [12, 3.5, 12.5, 4.5], "texture": "#3"},
				"west": {"uv": [6.5, 10.5, 7.5, 11.5], "texture": "#3"},
				"up": {"uv": [12.5, 5.5, 12, 4.5], "texture": "#3"},
				"down": {"uv": [12.5, 5.5, 12, 6.5], "texture": "#3"}
			}
		},
		{
			"name": "anim",
			"from": [7, -11.82132, 7],
			"to": [9, -9.82132, 9],
			"rotation": {"angle": -45, "axis": "z", "origin": [8, -10.82132, 8]},
			"faces": {
				"north": {"uv": [1.5, 2.75, 1, 2.25], "texture": "#2"},
				"south": {"uv": [1, 2.75, 1.5, 2.25], "texture": "#2"}
			}
		},
		{
			"name": "anim",
			"from": [11, 10, 7],
			"to": [15, 12, 9],
			"rotation": {"angle": 0, "axis": "y", "origin": [8, 6.5, 14]},
			"faces": {
				"north": {"uv": [1.5, 0, 2.5, 0.5], "texture": "#2"},
				"east": {"uv": [1.5, 0, 1.75, 0.5], "texture": "#2"},
				"south": {"uv": [2.5, 0, 1.5, 0.5], "texture": "#2"},
				"down": {"uv": [2.5, 0.25, 1.5, 0.5], "texture": "#2"}
			}
		},
		{
			"name": "anim",
			"from": [15, 10.6, 7.5],
			"to": [18, 11.6, 8.5],
			"rotation": {"angle": -22.5, "axis": "z", "origin": [15, 12.6, 14]},
			"faces": {
				"north": {"uv": [1, 0.25, 1.75, 0.5], "texture": "#2"},
				"east": {"uv": [1, 0.25, 1.25, 0.5], "texture": "#2"},
				"south": {"uv": [1.75, 0.25, 1, 0.5], "texture": "#2"},
				"down": {"uv": [1.75, 0.25, 1, 0.5], "texture": "#2"}
			}
		},
		{
			"name": "anim",
			"from": [7, 9, 6.5],
			"to": [9, 14, 9.5],
			"rotation": {"angle": 0, "axis": "y", "origin": [0, 23, 0]},
			"faces": {
				"north": {"uv": [1, 0.75, 1.5, 2], "texture": "#2"},
				"south": {"uv": [1.5, 0.75, 1, 2], "texture": "#2"}
			}
		},
		{
			"name": "anim",
			"from": [-2, 10.6, 7.5],
			"to": [1, 11.6, 8.5],
			"rotation": {"angle": 22.5, "axis": "z", "origin": [1, 12.6, 14]},
			"faces": {
				"north": {"uv": [1.75, 0.25, 1, 0.5], "texture": "#2"},
				"south": {"uv": [1, 0.25, 1.75, 0.5], "texture": "#2"},
				"west": {"uv": [1.25, 0.25, 1, 0.5], "texture": "#2"},
				"down": {"uv": [1, 0.25, 1.75, 0.5], "texture": "#2"}
			}
		},
		{
			"name": "anim",
			"from": [1, 10, 7],
			"to": [5, 12, 9],
			"rotation": {"angle": 0, "axis": "y", "origin": [8, 6.5, 14]},
			"faces": {
				"north": {"uv": [2.5, 0, 1.5, 0.5], "texture": "#2"},
				"south": {"uv": [1.5, 0, 2.5, 0.5], "texture": "#2"},
				"west": {"uv": [1.75, 0, 1.5, 0.5], "texture": "#2"},
				"down": {"uv": [1.5, 0.25, 2.5, 0.5], "texture": "#2"}
			}
		},
		{
			"from": [15, 11.6, 7.5],
			"to": [18, 12.6, 8.5],
			"rotation": {"angle": -22.5, "axis": "z", "origin": [15, 12.6, 8]},
			"faces": {
				"north": {"uv": [9.5, 11, 11, 11.5], "texture": "#3"},
				"east": {"uv": [3.5, 10, 4, 10.5], "texture": "#3"},
				"south": {"uv": [11, 11, 12.5, 11.5], "texture": "#3"},
				"up": {"uv": [1.5, 12, 0, 11.5], "texture": "#3"}
			}
		},
		{
			"from": [-2, 11.6, 7.5],
			"to": [1, 12.6, 8.5],
			"rotation": {"angle": 22.5, "axis": "z", "origin": [1, 12.6, 8]},
			"faces": {
				"north": {"uv": [11.5, 0, 13, 0.5], "texture": "#3"},
				"south": {"uv": [11.5, 0.5, 13, 1], "texture": "#3"},
				"west": {"uv": [12, 9, 12.5, 9.5], "texture": "#3"},
				"up": {"uv": [13, 1.5, 11.5, 1], "texture": "#3"}
			}
		},
		{
			"from": [11, 12, 7],
			"to": [15, 13, 9],
			"rotation": {"angle": 0, "axis": "y", "origin": [8, 6.5, 8]},
			"faces": {
				"north": {"uv": [7.5, 10.5, 9.5, 11], "texture": "#3"},
				"east": {"uv": [12, 6.5, 13, 7], "texture": "#3"},
				"south": {"uv": [9.5, 10.5, 11.5, 11], "texture": "#3"},
				"up": {"uv": [12, 5.5, 10, 4.5], "texture": "#3"}
			}
		},
		{
			"from": [10, 10, 7],
			"to": [11, 13, 9],
			"rotation": {"angle": 0, "axis": "y", "origin": [7, 5.5, 8]},
			"faces": {
				"north": {"uv": [1.5, 11.5, 2, 13], "texture": "#3"},
				"south": {"uv": [2, 11.5, 2.5, 13], "texture": "#3"},
				"up": {"uv": [12.5, 8, 12, 7], "texture": "#3"},
				"down": {"uv": [8, 12, 7.5, 13], "texture": "#3"}
			}
		},
		{
			"from": [5, 10, 7],
			"to": [6, 13, 9],
			"rotation": {"angle": 0, "axis": "y", "origin": [9, 5.5, 8]},
			"faces": {
				"north": {"uv": [2.5, 11.5, 3, 13], "texture": "#3"},
				"south": {"uv": [3, 11.5, 3.5, 13], "texture": "#3"},
				"up": {"uv": [8.5, 13, 8, 12], "texture": "#3"},
				"down": {"uv": [12.5, 8, 12, 9], "texture": "#3"}
			}
		},
		{
			"from": [1, 12, 7],
			"to": [5, 13, 9],
			"rotation": {"angle": 0, "axis": "y", "origin": [8, 6.5, 8]},
			"faces": {
				"north": {"uv": [1.5, 11, 3.5, 11.5], "texture": "#3"},
				"south": {"uv": [7.5, 11, 9.5, 11.5], "texture": "#3"},
				"west": {"uv": [8.5, 12, 9.5, 12.5], "texture": "#3"},
				"up": {"uv": [12, 6.5, 10, 5.5], "texture": "#3"}
			}
		},
		{
			"from": [6.48, 8.48, 6.48],
			"to": [9.52, 11.52, 9.52],
			"rotation": {"angle": 45, "axis": "z", "origin": [8, 10, 8]},
			"faces": {
				"north": {"uv": [7, 0, 8.5, 1.5], "texture": "#3"},
				"east": {"uv": [7, 1.5, 8.5, 3], "texture": "#3"},
				"south": {"uv": [7, 3, 8.5, 4.5], "texture": "#3"},
				"west": {"uv": [7, 4.5, 8.5, 6], "texture": "#3"},
				"up": {"uv": [8.5, 7.5, 7, 6], "texture": "#3"},
				"down": {"uv": [8.5, 7.5, 7, 9], "texture": "#3"}
			}
		},
		{
			"from": [6, 10, 6.5],
			"to": [7, 13, 9.5],
			"rotation": {"angle": 0, "axis": "y", "origin": [13.5, 23, 0]},
			"faces": {
				"north": {"uv": [3.5, 11.5, 4, 13], "texture": "#3"},
				"east": {"uv": [8.5, 0, 10, 1.5], "texture": "#3"},
				"south": {"uv": [4, 11.5, 4.5, 13], "texture": "#3"},
				"west": {"uv": [8.5, 1.5, 10, 3], "texture": "#3"},
				"up": {"uv": [5, 13, 4.5, 11.5], "texture": "#3"},
				"down": {"uv": [5.5, 11.5, 5, 13], "texture": "#3"}
			}
		},
		{
			"from": [6.48, 11.48, 6.48],
			"to": [9.52, 14.52, 9.52],
			"rotation": {"angle": -45, "axis": "z", "origin": [8, 13, 8]},
			"faces": {
				"north": {"uv": [8.5, 3, 10, 4.5], "texture": "#3"},
				"east": {"uv": [8.5, 4.5, 10, 6], "texture": "#3"},
				"south": {"uv": [8.5, 6, 10, 7.5], "texture": "#3"},
				"west": {"uv": [8.5, 7.5, 10, 9], "texture": "#3"},
				"up": {"uv": [5.5, 10.5, 4, 9], "texture": "#3"},
				"down": {"uv": [7, 9, 5.5, 10.5], "texture": "#3"}
			}
		},
		{
			"from": [9, 10, 6.5],
			"to": [10, 13, 9.5],
			"rotation": {"angle": 0, "axis": "y", "origin": [2.5, 23, 0]},
			"faces": {
				"north": {"uv": [5.5, 11.5, 6, 13], "texture": "#3"},
				"east": {"uv": [7, 9, 8.5, 10.5], "texture": "#3"},
				"south": {"uv": [6, 11.5, 6.5, 13], "texture": "#3"},
				"west": {"uv": [8.5, 9, 10, 10.5], "texture": "#3"},
				"up": {"uv": [7, 13, 6.5, 11.5], "texture": "#3"},
				"down": {"uv": [7.5, 11.5, 7, 13], "texture": "#3"}
			}
		},
		{
			"from": [6.5, -7, 6.5],
			"to": [9.5, 2, 9.5],
			"rotation": {"angle": 0, "axis": "y", "origin": [8, -2.7, 8]},
			"faces": {
				"north": {"uv": [4, 0, 5.5, 4.5], "texture": "#3"},
				"east": {"uv": [4, 4.5, 5.5, 9], "texture": "#3"},
				"south": {"uv": [5.5, 0, 7, 4.5], "texture": "#3"},
				"west": {"uv": [5.5, 4.5, 7, 9], "texture": "#3"},
				"up": {"uv": [1.5, 11.5, 0, 10], "texture": "#3"},
				"down": {"uv": [11.5, 0, 10, 1.5], "texture": "#3"}
			}
		},
		{
			"from": [7.02, -9.98, 7.02],
			"to": [8.98, 9.98, 8.98],
			"rotation": {"angle": 0, "axis": "y", "origin": [0, 20, 0]},
			"faces": {
				"north": {"uv": [0, 0, 1, 10], "texture": "#3"},
				"east": {"uv": [1, 0, 2, 10], "texture": "#3"},
				"south": {"uv": [2, 0, 3, 10], "texture": "#3"},
				"west": {"uv": [3, 0, 4, 10], "texture": "#3"},
				"up": {"uv": [12, 8.5, 11, 7.5], "texture": "#3"},
				"down": {"uv": [12, 8.5, 11, 9.5], "texture": "#3"}
			}
		},
		{
			"from": [3.98, 12.98, 6.38],
			"to": [7.02, 16.02, 6.42],
			"rotation": {"angle": 0, "axis": "y", "origin": [-2, 21, 16]},
			"faces": {
				"north": {"uv": [8.75, 0, 8, 0.75], "texture": "#2"}
			}
		},
		{
			"from": [8.98, 11.98, 6.38],
			"to": [12.02, 15.02, 6.42],
			"rotation": {"angle": 0, "axis": "y", "origin": [3, 20, 16]},
			"faces": {
				"north": {"uv": [8.75, 1.5, 8, 2.25], "texture": "#2"}
			}
		},
		{
			"from": [7.98, 12.98, 6.38],
			"to": [11.02, 16.02, 6.42],
			"rotation": {"angle": 0, "axis": "y", "origin": [2, 21, 16]},
			"faces": {
				"north": {"uv": [9.5, 2.25, 8.75, 3], "texture": "#2"}
			}
		},
		{
			"from": [4.98, 9.98, 6.38],
			"to": [8.02, 13.02, 6.42],
			"rotation": {"angle": 0, "axis": "y", "origin": [-1, 18, 16]},
			"faces": {
				"north": {"uv": [10.25, 0.75, 9.5, 1.5], "texture": "#2"}
			}
		},
		{
			"from": [3.98, 0.98, 6.38],
			"to": [9.02, 6.02, 6.42],
			"rotation": {"angle": 0, "axis": "y", "origin": [-1, 10, 16]},
			"faces": {
				"north": {"uv": [16, 0, 14.75, 1.25], "texture": "#2"}
			}
		},
		{
			"from": [6.98, -9.02, 6.38],
			"to": [12.02, -3.98, 6.42],
			"rotation": {"angle": 0, "axis": "y", "origin": [2, 0, 16]},
			"faces": {
				"north": {"uv": [16, 1.25, 14.75, 2.5], "texture": "#2"}
			}
		},
		{
			"from": [6.98, 3.98, 6.38],
			"to": [12.02, 9.02, 6.42],
			"rotation": {"angle": 0, "axis": "y", "origin": [2, 13, 16]},
			"faces": {
				"north": {"uv": [14.75, 3.75, 13.5, 5], "texture": "#2"}
			}
		},
		{
			"from": [3.98, -5.02, 6.38],
			"to": [9.02, 0.02, 6.42],
			"rotation": {"angle": 0, "axis": "y", "origin": [-1, 4, 16]},
			"faces": {
				"north": {"uv": [13.5, 0, 12.25, 1.25], "texture": "#2"}
			}
		},
		{
			"from": [3.98, 12.98, 9.58],
			"to": [7.02, 16.02, 9.62],
			"rotation": {"angle": 0, "axis": "y", "origin": [-2, 21, 0]},
			"faces": {
				"south": {"uv": [8, 0, 8.75, 0.75], "texture": "#2"}
			}
		},
		{
			"from": [8.98, 11.98, 9.58],
			"to": [12.02, 15.02, 9.62],
			"rotation": {"angle": 0, "axis": "y", "origin": [3, 20, 0]},
			"faces": {
				"south": {"uv": [8, 1.5, 8.75, 2.25], "texture": "#2"}
			}
		},
		{
			"from": [7.98, 12.98, 9.58],
			"to": [11.02, 16.02, 9.62],
			"rotation": {"angle": 0, "axis": "y", "origin": [2, 21, 0]},
			"faces": {
				"south": {"uv": [8.75, 2.25, 9.5, 3], "texture": "#2"}
			}
		},
		{
			"from": [4.98, 9.98, 9.58],
			"to": [8.02, 13.02, 9.62],
			"rotation": {"angle": 0, "axis": "y", "origin": [-1, 18, 0]},
			"faces": {
				"south": {"uv": [9.5, 0.75, 10.25, 1.5], "texture": "#2"}
			}
		},
		{
			"from": [3.98, 0.98, 9.58],
			"to": [9.02, 6.02, 9.62],
			"rotation": {"angle": 0, "axis": "y", "origin": [-1, 10, 0]},
			"faces": {
				"south": {"uv": [14.75, 0, 16, 1.25], "texture": "#2"}
			}
		},
		{
			"from": [6.98, -9.02, 9.58],
			"to": [12.02, -3.98, 9.62],
			"rotation": {"angle": 0, "axis": "y", "origin": [2, 0, 0]},
			"faces": {
				"south": {"uv": [14.75, 1.25, 16, 2.5], "texture": "#2"}
			}
		},
		{
			"from": [6.98, 3.98, 9.58],
			"to": [12.02, 9.02, 9.62],
			"rotation": {"angle": 0, "axis": "y", "origin": [2, 13, 0]},
			"faces": {
				"south": {"uv": [13.5, 3.75, 14.75, 5], "texture": "#2"}
			}
		},
		{
			"from": [3.98, -5.02, 9.58],
			"to": [9.02, 0.02, 9.62],
			"rotation": {"angle": 0, "axis": "y", "origin": [-1, 4, 0]},
			"faces": {
				"south": {"uv": [12.25, 0, 13.5, 1.25], "texture": "#2"}
			}
		}
	],
	"gui_light": "front",
	"display": {
		"thirdperson_righthand": {
			"rotation": [-10, -90, 0],
			"translation": [0, 5.5, 0.25],
			"scale": [0.7, 0.7, 0.7]
		},
		"thirdperson_lefthand": {
			"rotation": [-10, 90, 0],
			"translation": [0, 5.5, 0.25],
			"scale": [0.7, 0.7, 0.7]
		},
		"firstperson_righthand": {
			"rotation": [20, -90, 0],
			"translation": [2.75, 3.25, -0.75],
			"scale": [0.6, 0.6, 0.6]
		},
		"firstperson_lefthand": {
			"rotation": [20, 90, 0],
			"translation": [2.75, 3.25, -0.75],
			"scale": [0.6, 0.6, 0.6]
		},
		"ground": {
			"rotation": [0, 0, -45],
			"translation": [2.5, 8.5, 0],
			"scale": [0.5, 0.5, 0.5]
		},
		"gui": {
			"rotation": [0, 0, -45],
			"translation": [2, 2, -0.75],
			"scale": [0.65, 0.65, 0.65]
		},
		"head": {
			"rotation": [0, 0, 45],
			"translation": [14, 3.5, 0.75],
			"scale": [0.6, 0.6, 0.6]
		},
		"fixed": {
			"rotation": [0, -180, -45],
			"translation": [-2.5, 2.5, -0.75],
			"scale": [0.75, 0.75, 0.75]
		}
	},
	"groups": [
		{
			"name": "pickaxe",
			"origin": [8, 8, 8],
			"color": 0,
			"children": [
				{
					"name": "pommel",
					"origin": [8, -10.85, 8],
					"color": 0,
					"children": [0, 1, 2, 3, 4, 5]
				},
				6,
				7,
				8,
				9,
				10,
				11,
				12,
				13,
				14,
				15,
				16,
				17,
				18,
				19,
				20,
				21,
				22,
				{
					"name": "amni",
					"origin": [0, 11, 0],
					"color": 0,
					"children": [
						{
							"name": "s1",
							"origin": [-1, 4, 16],
							"color": 0,
							"children": [23, 24, 25, 26, 27, 28, 29, 30]
						},
						{
							"name": "s2",
							"origin": [-1, 4, 16],
							"color": 0,
							"children": [31, 32, 33, 34, 35, 36, 37, 38]
						}
					]
				}
			]
		}
	]
}