{
	"credit": "Made with Blockbench",
	"texture_size": [128, 128],
	"textures": {
		"1": "custom/skins/owlsdev/moon_shield/moon_shield"
	},
	"elements": [
		{
			"from": [7.505, 10.7246, 4.31499],
			"to": [8.565, 22.7846, 16.37499],
			"rotation": {"angle": 45, "axis": "x", "origin": [8.01, 19.0296, 8.09499]},
			"faces": {
				"north": {"uv": [1.5, 3.875, 1.625, 5.375], "texture": "#1"},
				"east": {"uv": [0, 3.875, 1.5, 5.375], "texture": "#1"},
				"south": {"uv": [3.125, 3.875, 3.25, 5.375], "texture": "#1"},
				"west": {"uv": [1.625, 3.875, 3.125, 5.375], "texture": "#1"},
				"up": {"uv": [1.625, 3.875, 1.5, 2.375], "texture": "#1"},
				"down": {"uv": [1.75, 2.375, 1.625, 3.875], "texture": "#1"}
			}
		},
		{
			"from": [6.5, 11.75, 7],
			"to": [8.5, 12.75, 10],
			"rotation": {"angle": 0, "axis": "y", "origin": [7.5, 7.5, 10]},
			"faces": {
				"north": {"uv": [5, 4.875, 5.25, 5], "texture": "#1"},
				"east": {"uv": [4.625, 4.875, 5, 5], "texture": "#1"},
				"south": {"uv": [5.625, 4.875, 5.875, 5], "texture": "#1"},
				"west": {"uv": [5.25, 4.875, 5.625, 5], "texture": "#1"},
				"up": {"uv": [5.25, 4.875, 5, 4.5], "texture": "#1"},
				"down": {"uv": [5.5, 4.5, 5.25, 4.875], "texture": "#1"}
			}
		},
		{
			"from": [6.48, 12.73, 5.98],
			"to": [8.52, 15.77, 8.02],
			"rotation": {"angle": 0, "axis": "y", "origin": [7.5, 7.5, 10]},
			"faces": {
				"north": {"uv": [5.25, 0.25, 5.5, 0.625], "texture": "#1"},
				"east": {"uv": [5, 0.25, 5.25, 0.625], "texture": "#1"},
				"south": {"uv": [5.75, 0.25, 6, 0.625], "texture": "#1"},
				"west": {"uv": [5.5, 0.25, 5.75, 0.625], "texture": "#1"},
				"up": {"uv": [5.5, 0.25, 5.25, 0], "texture": "#1"},
				"down": {"uv": [5.75, 0, 5.5, 0.25], "texture": "#1"}
			}
		},
		{
			"from": [6.5, 15.75, 7],
			"to": [8.5, 16.75, 10],
			"rotation": {"angle": 0, "axis": "y", "origin": [7.5, 7.5, 10]},
			"faces": {
				"north": {"uv": [3.375, 2.75, 3.625, 2.875], "texture": "#1"},
				"east": {"uv": [3, 2.75, 3.375, 2.875], "texture": "#1"},
				"south": {"uv": [4, 2.75, 4.25, 2.875], "texture": "#1"},
				"west": {"uv": [3.625, 2.75, 4, 2.875], "texture": "#1"},
				"up": {"uv": [3.625, 2.75, 3.375, 2.375], "texture": "#1"},
				"down": {"uv": [3.875, 2.375, 3.625, 2.75], "texture": "#1"}
			}
		},
		{
			"from": [6.49, 9.7346, 4.24768],
			"to": [9.53, 21.7746, 5.28768],
			"rotation": {"angle": 45, "axis": "x", "origin": [8.01, 19.0296, 8.01768]},
			"faces": {
				"north": {"uv": [0.75, 5.625, 1.125, 7.125], "texture": "#1"},
				"east": {"uv": [0.625, 5.625, 0.75, 7.125], "texture": "#1"},
				"south": {"uv": [1.25, 5.625, 1.625, 7.125], "texture": "#1"},
				"west": {"uv": [1.125, 5.625, 1.25, 7.125], "texture": "#1"},
				"up": {"uv": [1.125, 5.625, 0.75, 5.5], "texture": "#1"},
				"down": {"uv": [1.5, 5.5, 1.125, 5.625], "texture": "#1"}
			}
		},
		{
			"from": [6.49, 21.7346, 4.24768],
			"to": [9.53, 22.7746, 17.28768],
			"rotation": {"angle": 45, "axis": "x", "origin": [8.01, 19.0296, 8.01768]},
			"faces": {
				"north": {"uv": [4.125, 1.625, 4.5, 1.75], "texture": "#1"},
				"east": {"uv": [2.5, 1.625, 4.125, 1.75], "texture": "#1"},
				"south": {"uv": [6.125, 1.625, 6.5, 1.75], "texture": "#1"},
				"west": {"uv": [4.5, 1.625, 6.125, 1.75], "texture": "#1"},
				"up": {"uv": [4.5, 1.625, 4.125, 0], "texture": "#1"},
				"down": {"uv": [4.875, 0, 4.5, 1.625], "texture": "#1"}
			}
		},
		{
			"from": [8.51, 2.71903, 7.38909],
			"to": [9.51, 23.71903, 8.38909],
			"rotation": {"angle": 0, "axis": "y", "origin": [9.01, 19.71903, 11.88909]},
			"faces": {
				"north": {"uv": [0.125, 5.625, 0.25, 8.25], "texture": "#1"},
				"east": {"uv": [0, 5.625, 0.125, 8.25], "texture": "#1"},
				"south": {"uv": [0.375, 5.625, 0.5, 8.25], "texture": "#1"},
				"west": {"uv": [0.25, 5.625, 0.375, 8.25], "texture": "#1"},
				"up": {"uv": [0.25, 5.625, 0.125, 5.5], "texture": "#1"},
				"down": {"uv": [0.375, 5.5, 0.25, 5.625], "texture": "#1"}
			}
		},
		{
			"from": [9.51, 16.71903, 7.38909],
			"to": [10.51, 17.71903, 8.38909],
			"rotation": {"angle": 0, "axis": "y", "origin": [9.01, 19.71903, 11.88909]},
			"faces": {
				"north": {"uv": [0.125, 5.625, 0.25, 5.75], "texture": "#1"},
				"east": {"uv": [0, 5.625, 0.125, 5.75], "texture": "#1"},
				"south": {"uv": [0.375, 5.625, 0.5, 5.75], "texture": "#1"},
				"west": {"uv": [0.25, 5.625, 0.375, 5.75], "texture": "#1"},
				"up": {"uv": [0.25, 5.625, 0.125, 5.5], "texture": "#1"},
				"down": {"uv": [0.375, 5.5, 0.25, 5.625], "texture": "#1"}
			}
		},
		{
			"from": [9.51, 12.71903, 7.38909],
			"to": [10.51, 13.71903, 8.38909],
			"rotation": {"angle": 0, "axis": "y", "origin": [9.01, 19.71903, 11.88909]},
			"faces": {
				"north": {"uv": [0.125, 5.625, 0.25, 5.75], "texture": "#1"},
				"east": {"uv": [0, 5.625, 0.125, 5.75], "texture": "#1"},
				"south": {"uv": [0.375, 5.625, 0.5, 5.75], "texture": "#1"},
				"west": {"uv": [0.25, 5.625, 0.375, 5.75], "texture": "#1"},
				"up": {"uv": [0.25, 5.625, 0.125, 5.5], "texture": "#1"},
				"down": {"uv": [0.375, 5.5, 0.25, 5.625], "texture": "#1"}
			}
		},
		{
			"from": [10.51, 13.71903, 7.38909],
			"to": [11.51, 16.71903, 8.38909],
			"rotation": {"angle": 0, "axis": "y", "origin": [9.01, 19.71903, 11.88909]},
			"faces": {
				"north": {"uv": [0.125, 5.625, 0.25, 6], "texture": "#1"},
				"east": {"uv": [0, 5.625, 0.125, 6], "texture": "#1"},
				"south": {"uv": [0.375, 5.625, 0.5, 6], "texture": "#1"},
				"west": {"uv": [0.25, 5.625, 0.375, 6], "texture": "#1"},
				"up": {"uv": [0.25, 5.625, 0.125, 5.5], "texture": "#1"},
				"down": {"uv": [0.375, 5.5, 0.25, 5.625], "texture": "#1"}
			}
		},
		{
			"from": [8.52, 14.72903, -0.60091],
			"to": [9.5, 15.70903, 16.37909],
			"rotation": {"angle": 0, "axis": "y", "origin": [9.01, 13.21903, 7.88909]},
			"faces": {
				"north": {"uv": [2.125, 2.125, 2.25, 2.25], "texture": "#1"},
				"east": {"uv": [0, 2.125, 2.125, 2.25], "texture": "#1"},
				"south": {"uv": [4.375, 2.125, 4.5, 2.25], "texture": "#1"},
				"west": {"uv": [2.25, 2.125, 4.375, 2.25], "texture": "#1"},
				"up": {"uv": [2.25, 2.125, 2.125, 0], "texture": "#1"},
				"down": {"uv": [2.375, 0, 2.25, 2.125], "texture": "#1"}
			}
		},
		{
			"from": [7.54, 6.84574, 1.70292],
			"to": [8.56, 15.86574, 8.72292],
			"rotation": {"angle": -22.5, "axis": "x", "origin": [8, 9.10574, 1.03792]},
			"faces": {
				"north": {"uv": [4.25, 5.375, 4.375, 6.5], "texture": "#1"},
				"east": {"uv": [3.375, 5.375, 4.25, 6.5], "texture": "#1"},
				"south": {"uv": [5.25, 5.375, 5.375, 6.5], "texture": "#1"},
				"west": {"uv": [4.375, 5.375, 5.25, 6.5], "texture": "#1"},
				"up": {"uv": [4.375, 5.375, 4.25, 4.5], "texture": "#1"},
				"down": {"uv": [4.5, 4.5, 4.375, 5.375], "texture": "#1"}
			}
		},
		{
			"from": [6.5, 6.85574, 1.26061],
			"to": [9.5, 15.85574, 2.26061],
			"rotation": {"angle": -22.5, "axis": "x", "origin": [8, 9.10574, 0.96061]},
			"faces": {
				"north": {"uv": [2, 2.5, 2.375, 3.625], "texture": "#1"},
				"east": {"uv": [1.875, 2.5, 2, 3.625], "texture": "#1"},
				"south": {"uv": [2.5, 2.5, 2.875, 3.625], "texture": "#1"},
				"west": {"uv": [2.375, 2.5, 2.5, 3.625], "texture": "#1"},
				"up": {"uv": [2.375, 2.5, 2, 2.375], "texture": "#1"},
				"down": {"uv": [2.75, 2.375, 2.375, 2.5], "texture": "#1"}
			}
		},
		{
			"from": [7.4975, 15.48658, -4.52208],
			"to": [8.4975, 16.48658, -3.52208],
			"rotation": {"angle": -45, "axis": "x", "origin": [8.4975, 19.38658, -2.87208]},
			"faces": {
				"north": {"uv": [1.375, 0.5, 1.5, 0.625], "texture": "#1"},
				"east": {"uv": [1.25, 0.5, 1.375, 0.625], "texture": "#1"},
				"south": {"uv": [1.625, 0.5, 1.75, 0.625], "texture": "#1"},
				"west": {"uv": [1.5, 0.5, 1.625, 0.625], "texture": "#1"},
				"up": {"uv": [1.5, 0.5, 1.375, 0.375], "texture": "#1"},
				"down": {"uv": [1.625, 0.375, 1.5, 0.5], "texture": "#1"}
			}
		},
		{
			"from": [7.5075, 0.53852, 7.38286],
			"to": [8.5075, 1.53852, 8.38286],
			"rotation": {"angle": 45, "axis": "x", "origin": [8.0075, 0.91352, 7.88286]},
			"faces": {
				"north": {"uv": [1.375, 0.125, 1.5, 0.25], "texture": "#1"},
				"east": {"uv": [1.25, 0.125, 1.375, 0.25], "texture": "#1"},
				"south": {"uv": [1.625, 0.125, 1.75, 0.25], "texture": "#1"},
				"west": {"uv": [1.5, 0.125, 1.625, 0.25], "texture": "#1"},
				"up": {"uv": [1.5, 0.125, 1.375, 0], "texture": "#1"},
				"down": {"uv": [1.625, 0, 1.5, 0.125], "texture": "#1"}
			}
		},
		{
			"from": [7.4975, 15.12556, 6.51069],
			"to": [8.4975, 16.12556, 7.51069],
			"rotation": {"angle": 45, "axis": "x", "origin": [8.4975, 19.07556, 18.86069]},
			"faces": {
				"north": {"uv": [0.125, 0.5, 0.25, 0.625], "texture": "#1"},
				"east": {"uv": [0, 0.5, 0.125, 0.625], "texture": "#1"},
				"south": {"uv": [0.375, 0.5, 0.5, 0.625], "texture": "#1"},
				"west": {"uv": [0.25, 0.5, 0.375, 0.625], "texture": "#1"},
				"up": {"uv": [0.25, 0.5, 0.125, 0.375], "texture": "#1"},
				"down": {"uv": [0.375, 0.375, 0.25, 0.5], "texture": "#1"}
			}
		},
		{
			"from": [7.4975, 15.57287, 19.56191],
			"to": [8.4975, 16.57287, 20.56191],
			"rotation": {"angle": 45, "axis": "x", "origin": [8.4975, 19.47287, 18.91191]},
			"faces": {
				"north": {"uv": [0.125, 0.125, 0.25, 0.25], "texture": "#1"},
				"east": {"uv": [0, 0.125, 0.125, 0.25], "texture": "#1"},
				"south": {"uv": [0.375, 0.125, 0.5, 0.25], "texture": "#1"},
				"west": {"uv": [0.25, 0.125, 0.375, 0.25], "texture": "#1"},
				"up": {"uv": [0.25, 0.125, 0.125, 0], "texture": "#1"},
				"down": {"uv": [0.375, 0, 0.25, 0.125], "texture": "#1"}
			}
		},
		{
			"from": [7.54, 6.865, 7.80384],
			"to": [8.56, 15.885, 14.72384],
			"rotation": {"angle": 22.5, "axis": "x", "origin": [8, 9, 15.13884]},
			"faces": {
				"north": {"uv": [1, 0.875, 1.125, 2], "texture": "#1"},
				"east": {"uv": [0.25, 0.875, 1, 2], "texture": "#1"},
				"south": {"uv": [1.875, 0.875, 2, 2], "texture": "#1"},
				"west": {"uv": [1.125, 0.875, 1.875, 2], "texture": "#1"},
				"up": {"uv": [1.125, 0.875, 1, 0.125], "texture": "#1"},
				"down": {"uv": [1.25, 0.125, 1.125, 0.875], "texture": "#1"}
			}
		},
		{
			"from": [6.51, 6.885, 13.57153],
			"to": [9.49, 15.865, 14.55153],
			"rotation": {"angle": 22.5, "axis": "x", "origin": [8, 9, 15.06153]},
			"faces": {
				"north": {"uv": [0.125, 2.5, 0.5, 3.625], "texture": "#1"},
				"east": {"uv": [0, 2.5, 0.125, 3.625], "texture": "#1"},
				"south": {"uv": [0.625, 2.5, 1, 3.625], "texture": "#1"},
				"west": {"uv": [0.5, 2.5, 0.625, 3.625], "texture": "#1"},
				"up": {"uv": [0.5, 2.5, 0.125, 2.375], "texture": "#1"},
				"down": {"uv": [0.875, 2.375, 0.5, 2.5], "texture": "#1"}
			}
		},
		{
			"from": [7.55, -1.1651, 7.2307],
			"to": [8.55, 6.8349, 15.2307],
			"rotation": {"angle": 45, "axis": "x", "origin": [8, 9.0099, 15.1307]},
			"faces": {
				"north": {"uv": [4.375, 3.375, 4.5, 4.375], "texture": "#1"},
				"east": {"uv": [3.375, 3.375, 4.375, 4.375], "texture": "#1"},
				"south": {"uv": [5.5, 3.375, 5.625, 4.375], "texture": "#1"},
				"west": {"uv": [4.5, 3.375, 5.5, 4.375], "texture": "#1"},
				"up": {"uv": [4.5, 3.375, 4.375, 2.375], "texture": "#1"},
				"down": {"uv": [4.625, 2.375, 4.5, 3.375], "texture": "#1"}
			}
		},
		{
			"from": [6.49, -1.52545, 7.18648],
			"to": [9.49, -0.52545, 15.18648],
			"rotation": {"angle": 45, "axis": "x", "origin": [7.99, 8.94955, 15.08648]},
			"faces": {
				"north": {"uv": [5.75, 2.875, 6.125, 3], "texture": "#1"},
				"east": {"uv": [4.75, 2.875, 5.75, 3], "texture": "#1"},
				"south": {"uv": [7.125, 2.875, 7.5, 3], "texture": "#1"},
				"west": {"uv": [6.125, 2.875, 7.125, 3], "texture": "#1"},
				"up": {"uv": [6.125, 2.875, 5.75, 1.875], "texture": "#1"},
				"down": {"uv": [6.5, 1.875, 6.125, 2.875], "texture": "#1"}
			}
		},
		{
			"from": [6.49, -1.26846, 14.55905],
			"to": [9.49, 6.73154, 15.55905],
			"rotation": {"angle": 45, "axis": "x", "origin": [7.99, 9.10654, 15.25905]},
			"faces": {
				"north": {"uv": [2.625, 0.125, 3, 1.125], "texture": "#1"},
				"east": {"uv": [2.5, 0.125, 2.625, 1.125], "texture": "#1"},
				"south": {"uv": [3.125, 0.125, 3.5, 1.125], "texture": "#1"},
				"west": {"uv": [3, 0.125, 3.125, 1.125], "texture": "#1"},
				"up": {"uv": [3, 0.125, 2.625, 0], "texture": "#1"},
				"down": {"uv": [3.375, 0, 3, 0.125], "texture": "#1"}
			}
		}
	],
	"gui_light": "front",
	"display": {
		"thirdperson_righthand": {
			"rotation": [10, -180, 5],
			"translation": [2.5, -9, 0],
			"scale": [0.9, 0.9, 0.9]
		},
		"thirdperson_lefthand": {
			"rotation": [10, 0, 5],
			"translation": [3.75, -9, 0],
			"scale": [0.9, 0.9, 0.9]
		},
		"firstperson_righthand": {
			"rotation": [0, -93, 0],
			"translation": [8.25, -10, -6.75]
		},
		"firstperson_lefthand": {
			"rotation": [0, 92, 0],
			"translation": [8.25, -10, -6.75]
		},
		"ground": {
			"rotation": [-45, 0, 0],
			"translation": [0, 0.5, 0],
			"scale": [0.5, 0.5, 0.5]
		},
		"gui": {
			"rotation": [0, 90, 0],
			"translation": [0, -3.5, 0],
			"scale": [0.67, 0.67, 0.67]
		},
		"head": {
			"rotation": [-90, 45, 90],
			"translation": [2.25, -23.25, 4.75],
			"scale": [1.3, 1.3, 1.3]
		},
		"fixed": {
			"rotation": [0, -90, 0],
			"translation": [0, -5.5, -1.5],
			"scale": [1.2, 1.2, 1.2]
		}
	},
	"groups": [
		{
			"name": "base",
			"origin": [8, 9.0099, 15.05339],
			"color": 0,
			"children": [0, 1, 2, 3, 4, 5, 6, 7, 8, 9, 10, 11, 12, 13, 14, 15, 16, 17, 18, 19, 20, 21]
		}
	]
}