{
	"credit": "Made with Blockbench",
	"textures": {
		"0": "custom/ui/owlsdev/emotes/emotes",
		"particle": "custom/ui/owlsdev/emotes/emotes"
	},
	"elements": [
		{
			"from": [4, 3, 7],
			"to": [12, 11, 7],
			"faces": {
				"north": {"uv": [0, 10.0625, 2, 12.0625], "texture": "#0"},
				"east": {"uv": [0, 0, 0, 8], "texture": "#missing"},
				"south": {"uv": [0, 10.0625, 2, 12.0625], "texture": "#0"},
				"west": {"uv": [0, 0, 0, 8], "texture": "#missing"},
				"up": {"uv": [0, 0, 8, 0], "texture": "#missing"},
				"down": {"uv": [0, 0, 8, 0], "texture": "#missing"}
			}
		}
	],
	"gui_light": "front",
	"display": {
		"gui": {
			"translation": [0, 2, 0],
			"scale": [2, 2, 1]
		}
	}
}