{
	"texture_size": [64, 64],
	"textures": {
		"1": "custom/skins/owlsdev/anim_pulse_gem",
		"8": "custom/skins/owlsdev/pulse_shield/pulse_shield"
	},
	"elements": [
		{
			"name": "handle",
			"from": [7, 9.85, 13],
			"to": [9, 15.85, 19],
			"faces": {
				"north": {"uv": [1.5, 4.75, 2, 6.25], "texture": "#8"},
				"east": {"uv": [1, 0, 2.5, 1.5], "texture": "#8"},
				"south": {"uv": [2.5, 5.5, 3, 7], "texture": "#8"},
				"west": {"uv": [1, 1.5, 2.5, 3], "texture": "#8"},
				"up": {"uv": [6.5, 4.5, 6, 3], "texture": "#8"},
				"down": {"uv": [6.5, 4.5, 6, 6], "texture": "#8"}
			}
		},
		{
			"name": "shield",
			"from": [6.06, 9.97, 11.06],
			"to": [7.02, 17.93, 12.02],
			"rotation": {"angle": 0, "axis": "z", "origin": [8.04, 13.95, 3.5]},
			"faces": {
				"north": {"uv": [2, 4.75, 2.25, 6.75], "texture": "#8"},
				"west": {"uv": [1.5, 6.25, 1.75, 8.25], "texture": "#8"}
			}
		},
		{
			"name": "shield",
			"from": [6.04, 7.8, 13.04],
			"to": [10.04, 17.8, 13.04],
			"rotation": {"angle": 0, "axis": "z", "origin": [8.04, 13, 3.5]},
			"faces": {
				"south": {"uv": [0, 0, 1, 2.5], "texture": "#8"}
			}
		},
		{
			"name": "shield",
			"from": [8.98, 9.97, 11.06],
			"to": [9.94, 17.93, 12.02],
			"rotation": {"angle": 0, "axis": "z", "origin": [7.96, 13.95, 3.5]},
			"faces": {
				"north": {"uv": [1.75, 6.25, 2, 8.25], "texture": "#8"},
				"east": {"uv": [3, 6.25, 3.25, 8.25], "texture": "#8"}
			}
		},
		{
			"name": "shield",
			"from": [6, 18.7, 11.04],
			"to": [9, 19.7, 12.04],
			"rotation": {"angle": 45, "axis": "z", "origin": [8, 18.7, 3.5]},
			"faces": {
				"north": {"uv": [0.25, 6.75, 1, 7], "texture": "#8"},
				"east": {"uv": [5.25, 6.75, 5.5, 7], "texture": "#8"},
				"west": {"uv": [6.75, 5.25, 7, 5.5], "texture": "#8"},
				"up": {"uv": [7.5, 3.75, 6.75, 3.5], "texture": "#8"}
			}
		},
		{
			"name": "anim",
			"from": [7.02, 10.97, 11.06],
			"to": [8.98, 16.93, 12.02],
			"rotation": {"angle": 0, "axis": "z", "origin": [9, 13.95, 3.5]},
			"faces": {
				"north": {"uv": [1, 3.25, 1.5, 4.75], "texture": "#1"}
			}
		},
		{
			"name": "anim",
			"from": [6, 16.7, 11.04],
			"to": [8, 18.7, 12.04],
			"rotation": {"angle": 45, "axis": "z", "origin": [8, 18.7, 3.5]},
			"faces": {
				"north": {"uv": [1, 3, 1.5, 3.5], "texture": "#1"}
			}
		},
		{
			"name": "anim",
			"from": [6, 9.2, 11.04],
			"to": [8, 11.2, 12.04],
			"rotation": {"angle": -45, "axis": "z", "origin": [8, 9.2, 3.5]},
			"faces": {
				"north": {"uv": [1.5, 4.5, 1, 5], "texture": "#1"}
			}
		},
		{
			"name": "anim",
			"from": [3, 16, 12],
			"to": [10, 23, 13],
			"rotation": {"angle": 45, "axis": "z", "origin": [8, 21, 12.5]},
			"faces": {
				"north": {"uv": [3.5, 6, 1.75, 4.25], "texture": "#1"},
				"south": {"uv": [1.75, 6, 3.5, 4.25], "texture": "#1"}
			}
		},
		{
			"name": "anim",
			"from": [3.02, 7.02, 12.02],
			"to": [6.98, 16.98, 12.98],
			"rotation": {"angle": 0, "axis": "z", "origin": [6, 13, 12.5]},
			"faces": {
				"north": {"uv": [0, 7.75, 1, 10.25], "texture": "#1"},
				"south": {"uv": [1, 7.75, 0, 10.25], "texture": "#1"}
			}
		},
		{
			"name": "anim",
			"from": [9.02, 7.02, 12.02],
			"to": [12.98, 16.98, 12.98],
			"rotation": {"angle": 0, "axis": "z", "origin": [10, 13, 12.5]},
			"faces": {
				"north": {"uv": [1, 5.25, 0, 7.75], "texture": "#1"},
				"south": {"uv": [0, 5.25, 1, 7.75], "texture": "#1"}
			}
		},
		{
			"name": "anim",
			"from": [5, 3, 12],
			"to": [10, 8, 13],
			"rotation": {"angle": -45, "axis": "z", "origin": [8, 5, 14.5]},
			"faces": {
				"north": {"uv": [3.5, 4.75, 2.25, 6], "texture": "#1"},
				"south": {"uv": [3.5, 4.75, 2.25, 6], "texture": "#1"}
			}
		},
		{
			"name": "shield",
			"from": [8, 16.7, 11.04],
			"to": [9, 18.7, 12.04],
			"rotation": {"angle": 45, "axis": "z", "origin": [8, 18.7, 3.5]},
			"faces": {
				"north": {"uv": [5.25, 1, 5.5, 1.5], "texture": "#8"},
				"east": {"uv": [4.75, 6.75, 5, 7.25], "texture": "#8"},
				"down": {"uv": [5.75, 6.75, 5.5, 7], "texture": "#8"}
			}
		},
		{
			"name": "anim",
			"from": [1.96, 19.96, 11.86],
			"to": [7.04, 25.04, 11.94],
			"rotation": {"angle": 0, "axis": "y", "origin": [9, 14, 3.5]},
			"faces": {
				"north": {"uv": [11, 2.5, 12.25, 3.75], "texture": "#1"}
			}
		},
		{
			"name": "anim",
			"from": [4.96, 13.96, 10.86],
			"to": [8.04, 17.04, 10.94],
			"rotation": {"angle": 0, "axis": "y", "origin": [9, 14, 3.5]},
			"faces": {
				"north": {"uv": [8, 0.75, 8.75, 1.5], "texture": "#1"}
			}
		},
		{
			"name": "anim",
			"from": [7.96, 10.96, 10.86],
			"to": [11.04, 14.04, 10.94],
			"rotation": {"angle": 0, "axis": "y", "origin": [9, 14, 3.5]},
			"faces": {
				"north": {"uv": [8, 2.25, 8.75, 3], "texture": "#1"}
			}
		},
		{
			"name": "anim",
			"from": [6.96, 14.96, 10.86],
			"to": [10.04, 18.04, 10.94],
			"rotation": {"angle": 0, "axis": "y", "origin": [9, 14, 3.5]},
			"faces": {
				"north": {"uv": [8.75, 1.5, 9.5, 2.25], "texture": "#1"}
			}
		},
		{
			"name": "anim",
			"from": [4.96, 9.96, 10.86],
			"to": [8.04, 13.04, 10.94],
			"rotation": {"angle": 0, "axis": "y", "origin": [9, 14, 3.5]},
			"faces": {
				"north": {"uv": [9.5, 0, 10.25, 0.75], "texture": "#1"}
			}
		},
		{
			"name": "anim",
			"from": [-1.04, 8.96, 11.86],
			"to": [4.04, 14.04, 11.94],
			"rotation": {"angle": 0, "axis": "y", "origin": [9, 14, 3.5]},
			"faces": {
				"north": {"uv": [12.25, 3.75, 13.5, 5], "texture": "#1"}
			}
		},
		{
			"name": "anim",
			"from": [10.96, 13.96, 11.86],
			"to": [16.04, 19.04, 11.94],
			"rotation": {"angle": 0, "axis": "y", "origin": [9, 14, 3.5]},
			"faces": {
				"north": {"uv": [13.5, 0, 14.75, 1.25], "texture": "#1"}
			}
		},
		{
			"name": "anim",
			"from": [3.96, -0.04, 11.86],
			"to": [9.04, 5.04, 11.94],
			"rotation": {"angle": 0, "axis": "y", "origin": [9, 14, 3.5]},
			"faces": {
				"north": {"uv": [12.25, 1.25, 13.5, 2.5], "texture": "#1"}
			}
		},
		{
			"name": "anim",
			"from": [11.96, 8.96, 11.86],
			"to": [17.04, 14.04, 11.94],
			"rotation": {"angle": 0, "axis": "y", "origin": [9, 14, 3.5]},
			"faces": {
				"north": {"uv": [14.75, 2.5, 16, 3.75], "texture": "#1"}
			}
		},
		{
			"name": "anim",
			"from": [7.96, 23.96, 11.86],
			"to": [13.04, 29.04, 11.94],
			"rotation": {"angle": 0, "axis": "y", "origin": [9, 14, 3.5]},
			"faces": {
				"north": {"uv": [12.25, 0, 13.5, 1.25], "texture": "#1"}
			}
		},
		{
			"name": "anim",
			"from": [0.96, 19.96, 11.86],
			"to": [6.04, 25.04, 11.94],
			"rotation": {"angle": 0, "axis": "y", "origin": [9, 14, 3.5]},
			"faces": {
				"north": {"uv": [13.5, 1.25, 14.75, 2.5], "texture": "#1"}
			}
		},
		{
			"name": "anim",
			"from": [9.96, 1.96, 11.86],
			"to": [15.04, 7.04, 11.94],
			"rotation": {"angle": 0, "axis": "y", "origin": [9, 14, 3.5]},
			"faces": {
				"north": {"uv": [11, 0, 12.25, 1.25], "texture": "#1"}
			}
		},
		{
			"name": "anim",
			"from": [9.96, 12.96, 11.86],
			"to": [15.04, 18.04, 11.94],
			"rotation": {"angle": 0, "axis": "y", "origin": [9, 14, 3.5]},
			"faces": {
				"north": {"uv": [11, 3.75, 12.25, 5], "texture": "#1"}
			}
		},
		{
			"name": "shield",
			"from": [6, 8.2, 11.04],
			"to": [9, 9.2, 12.04],
			"rotation": {"angle": -45, "axis": "z", "origin": [8, 9.2, 3.5]},
			"faces": {
				"north": {"uv": [6.75, 3.75, 7.5, 4], "texture": "#8"},
				"east": {"uv": [5.75, 6.75, 6, 7], "texture": "#8"},
				"west": {"uv": [6, 6.75, 6.25, 7], "texture": "#8"},
				"down": {"uv": [4.75, 6.75, 4, 7], "texture": "#8"}
			}
		},
		{
			"name": "shield",
			"from": [8, 9.2, 11.04],
			"to": [9, 11.2, 12.04],
			"rotation": {"angle": -45, "axis": "z", "origin": [8, 9.2, 3.5]},
			"faces": {
				"north": {"uv": [6.75, 4.75, 7, 5.25], "texture": "#8"},
				"east": {"uv": [5, 6.75, 5.25, 7.25], "texture": "#8"},
				"up": {"uv": [6.5, 7, 6.25, 6.75], "texture": "#8"}
			}
		},
		{
			"name": "shield",
			"from": [1.06, 5.02, 12.02],
			"to": [3.02, 20.98, 12.98],
			"rotation": {"angle": 0, "axis": "z", "origin": [8.04, 13, 12.5]},
			"faces": {
				"north": {"uv": [0, 2.5, 0.5, 6.5], "texture": "#8"},
				"south": {"uv": [0.5, 2.5, 1, 6.5], "texture": "#8"},
				"west": {"uv": [2.25, 3, 2.5, 7], "texture": "#8"}
			}
		},
		{
			"name": "shield",
			"from": [12.98, 5.02, 12.02],
			"to": [14.94, 20.98, 12.98],
			"rotation": {"angle": 0, "axis": "z", "origin": [7.96, 13, 12.5]},
			"faces": {
				"north": {"uv": [2.5, 1.5, 3, 5.5], "texture": "#8"},
				"east": {"uv": [3.75, 4.5, 4, 8.5], "texture": "#8"},
				"south": {"uv": [1, 3, 1.5, 7], "texture": "#8"}
			}
		},
		{
			"name": "shield",
			"from": [2, 23, 12],
			"to": [13, 26, 13],
			"rotation": {"angle": 45, "axis": "z", "origin": [8, 21, 12.5]},
			"faces": {
				"north": {"uv": [2.5, 0, 5.25, 0.75], "texture": "#8"},
				"east": {"uv": [2, 6.75, 2.25, 7.5], "texture": "#8"},
				"south": {"uv": [2.5, 0.75, 5.25, 1.5], "texture": "#8"},
				"up": {"uv": [7.75, 6.25, 5, 6], "texture": "#8"}
			}
		},
		{
			"name": "shield",
			"from": [6, 23, 12],
			"to": [14, 26, 13],
			"rotation": {"angle": -45, "axis": "z", "origin": [8, 21, 12.5]},
			"faces": {
				"north": {"uv": [3, 3, 5, 3.75], "texture": "#8"},
				"south": {"uv": [3, 3.75, 5, 4.5], "texture": "#8"},
				"up": {"uv": [8.5, 3.5, 6.5, 3.25], "texture": "#8"}
			}
		},
		{
			"name": "shield",
			"from": [2.54447, 16.44447, 11.98],
			"to": [7.58447, 18.48447, 13.02],
			"rotation": {"angle": -22.5, "axis": "z", "origin": [4.46447, 17.46447, 18.5]},
			"faces": {
				"north": {"uv": [6.25, 0, 7.5, 0.5], "texture": "#8"},
				"south": {"uv": [6.25, 0.5, 7.5, 1], "texture": "#8"}
			}
		},
		{
			"name": "shield",
			"from": [8.41553, 16.44447, 11.98],
			"to": [13.45553, 18.48447, 13.02],
			"rotation": {"angle": 22.5, "axis": "z", "origin": [11.53553, 17.46447, 18.5]},
			"faces": {
				"north": {"uv": [5, 6.25, 6.25, 6.75], "texture": "#8"},
				"south": {"uv": [6.25, 6.25, 7.5, 6.75], "texture": "#8"}
			}
		},
		{
			"name": "shield",
			"from": [2.29802, 6.89737, 11.98],
			"to": [7.33802, 8.93737, 13.02],
			"rotation": {"angle": 45, "axis": "z", "origin": [4.81802, 8.91737, 18.52]},
			"faces": {
				"north": {"uv": [6.5, 1, 7.75, 1.5], "texture": "#8"},
				"south": {"uv": [6.5, 1.5, 7.75, 2], "texture": "#8"}
			}
		},
		{
			"name": "shield",
			"from": [8.66198, 6.89737, 11.98],
			"to": [13.70198, 8.93737, 13.02],
			"rotation": {"angle": -45, "axis": "z", "origin": [11.18198, 8.91737, 18.52]},
			"faces": {
				"north": {"uv": [7.75, 1, 6.5, 1.5], "texture": "#8"},
				"south": {"uv": [7.75, 1.5, 6.5, 2], "texture": "#8"}
			}
		},
		{
			"name": "shield",
			"from": [0.02045, 16.73626, 11.96],
			"to": [4.10045, 20.81626, 13.04],
			"rotation": {"angle": 22.5, "axis": "z", "origin": [1.06045, 19.27626, 12.5]},
			"faces": {
				"north": {"uv": [4, 4.5, 5, 5.5], "texture": "#8"},
				"south": {"uv": [5, 3, 6, 4], "texture": "#8"},
				"west": {"uv": [3.5, 6.25, 3.75, 7.25], "texture": "#8"},
				"up": {"uv": [1, 6.75, 0, 6.5], "texture": "#8"}
			}
		},
		{
			"name": "shield",
			"from": [11.89955, 16.73626, 11.96],
			"to": [15.97955, 20.81626, 13.04],
			"rotation": {"angle": -22.5, "axis": "z", "origin": [14.93955, 19.27626, 12.5]},
			"faces": {
				"north": {"uv": [5, 4, 6, 5], "texture": "#8"},
				"east": {"uv": [6.5, 3.5, 6.75, 4.5], "texture": "#8"},
				"south": {"uv": [5, 5, 6, 6], "texture": "#8"},
				"up": {"uv": [5, 6.75, 4, 6.5], "texture": "#8"}
			}
		},
		{
			"name": "shield",
			"from": [0.13567, 3.35701, 11.96],
			"to": [4.21567, 7.43701, 13.04],
			"rotation": {"angle": -22.5, "axis": "z", "origin": [2.17567, 5.39701, 12.5]},
			"faces": {
				"north": {"uv": [5.25, 0, 6.25, 1], "texture": "#8"},
				"south": {"uv": [5.5, 1, 6.5, 2], "texture": "#8"},
				"west": {"uv": [6.5, 4.5, 6.75, 5.5], "texture": "#8"},
				"down": {"uv": [7.5, 5.5, 6.5, 5.75], "texture": "#8"}
			}
		},
		{
			"name": "shield",
			"from": [11.78433, 3.35701, 11.96],
			"to": [15.86433, 7.43701, 13.04],
			"rotation": {"angle": 22.5, "axis": "z", "origin": [13.82433, 5.39701, 12.5]},
			"faces": {
				"north": {"uv": [5.5, 2, 6.5, 3], "texture": "#8"},
				"east": {"uv": [0, 6.75, 0.25, 7.75], "texture": "#8"},
				"south": {"uv": [4, 5.5, 5, 6.5], "texture": "#8"},
				"down": {"uv": [7.5, 5.75, 6.5, 6], "texture": "#8"}
			}
		},
		{
			"name": "shield",
			"from": [3, 0, 12],
			"to": [13, 3, 13],
			"rotation": {"angle": -45, "axis": "z", "origin": [8, 5, 12.5]},
			"faces": {
				"north": {"uv": [3, 1.5, 5.5, 2.25], "texture": "#8"},
				"east": {"uv": [6.75, 4, 7, 4.75], "texture": "#8"},
				"south": {"uv": [3, 2.25, 5.5, 3], "texture": "#8"},
				"down": {"uv": [9, 3, 6.5, 3.25], "texture": "#8"}
			}
		},
		{
			"name": "shield",
			"from": [10, 3, 12],
			"to": [13, 10, 13],
			"rotation": {"angle": -45, "axis": "z", "origin": [8, 5, 12.5]},
			"faces": {
				"north": {"uv": [1.5, 3, 2.25, 4.75], "texture": "#8"},
				"east": {"uv": [3.25, 6.25, 3.5, 8], "texture": "#8"},
				"south": {"uv": [3, 4.5, 3.75, 6.25], "texture": "#8"}
			}
		}
	],
	"display": {
		"thirdperson_righthand": {
			"rotation": [90, -90, 90],
			"translation": [8, -6.75, 3]
		},
		"thirdperson_lefthand": {
			"rotation": [90, -90, 90],
			"translation": [8, -6.75, 3]
		},
		"firstperson_righthand": {
			"rotation": [-180, -180, -150],
			"translation": [1.25, -10, -0.5]
		},
		"firstperson_lefthand": {
			"rotation": [-180, -180, -150],
			"translation": [1.25, -10, -0.5]
		},
		"ground": {
			"rotation": [45, 0, 45],
			"translation": [0, 5.75, -5],
			"scale": [0.75, 0.75, 0.75]
		},
		"gui": {
			"rotation": [-22.25, 152.25, 30.5],
			"translation": [-2.25, -1.75, 0],
			"scale": [0.6, 0.6, 0.6]
		},
		"head": {
			"rotation": [-180, 0, -143],
			"translation": [-5.5, -22.75, 13.5],
			"scale": [1.5, 1.5, 1.5]
		},
		"fixed": {
			"translation": [0, -3.25, -3.75],
			"scale": [0.65, 0.65, 0.65]
		}
	},
	"groups": [
		{
			"name": "shield",
			"origin": [0, 11, 1],
			"color": 0,
			"children": [
				0,
				1,
				2,
				3,
				4,
				{
					"name": "anim",
					"origin": [8, 5, 12.5],
					"color": 0,
					"children": [5, 6, 7, 8, 9, 10, 11]
				},
				12,
				{
					"name": "glister",
					"origin": [9, 14, 3.5],
					"color": 0,
					"children": [13, 14, 15, 16, 17, 18, 19, 20, 21, 22, 23, 24, 25]
				},
				26,
				27,
				28,
				29,
				30,
				31,
				32,
				33,
				34,
				35,
				36,
				37,
				38,
				39,
				40,
				41
			]
		}
	]
}