{"textures":{"0":"modelengine:entity/lr_tinkerer","1":"modelengine:entity/lr_tinkerer_spanner"},"elements":[{"name":"cube","from":[5.5141277,7.5685816,5.321663],"to":[10.314127,12.368582,10.121662],"rotation":{"angle":0.0,"axis":"x","origin":[7.6141276,-1.4314184,7.121662]},"faces":{"down":{"uv":[1.985,8.515,0.015,10.485],"rotation":0,"texture":"#0","tintindex":0},"east":{"uv":[6.265,7.015,8.235,8.985],"rotation":0,"texture":"#0","tintindex":0},"north":{"uv":[0.015,6.515,1.985,8.485],"rotation":0,"texture":"#0","tintindex":0},"south":{"uv":[2.015,7.265,3.985,9.235],"rotation":0,"texture":"#0","tintindex":0},"up":{"uv":[10.235,8.985,8.265,7.015],"rotation":0,"texture":"#0","tintindex":0},"west":{"uv":[4.015,7.265,5.985,9.235],"rotation":0,"texture":"#0","tintindex":0}}},{"name":"cube","from":[5.331668,13.286468,5.321663],"to":[8.331668,13.286468,10.121662],"rotation":{"angle":22.5,"axis":"z","origin":[7.731668,13.286468,7.721663]},"faces":{"down":{"uv":[2.015,10.765,3.235,12.735],"rotation":0,"texture":"#0","tintindex":0},"east":{"uv":[0.015,0.015,1.985,0.015],"rotation":0,"texture":"#0","tintindex":0},"north":{"uv":[0.015,0.015,1.235,0.015],"rotation":0,"texture":"#0","tintindex":0},"south":{"uv":[0.015,0.015,1.235,0.015],"rotation":0,"texture":"#0","tintindex":0},"up":{"uv":[3.235,12.735,2.015,10.765],"rotation":0,"texture":"#0","tintindex":0},"west":{"uv":[0.015,0.015,1.985,0.015],"rotation":0,"texture":"#0","tintindex":0}}},{"name":"cube","from":[5.0288234,10.141682,5.274749],"to":[8.028824,11.3416815,5.274749],"rotation":{"angle":-22.5,"axis":"z","origin":[7.6141276,11.018581,5.2616625]},"faces":{"down":{"uv":[1.235,0.015,0.015,0.015],"rotation":0,"texture":"#0","tintindex":0},"east":{"uv":[0.015,0.015,0.015,0.485],"rotation":0,"texture":"#0","tintindex":0},"north":{"uv":[8.765,6.515,9.985,6.985],"rotation":0,"texture":"#0","tintindex":0},"south":{"uv":[9.985,6.515,8.765,6.985],"rotation":0,"texture":"#0","tintindex":0},"up":{"uv":[1.235,0.015,0.015,0.015],"rotation":0,"texture":"#0","tintindex":0},"west":{"uv":[0.015,0.015,0.015,0.485],"rotation":0,"texture":"#0","tintindex":0}}},{"name":"cube","from":[10.014128,12.068582,3.5216627],"to":[11.814128,13.868582,4.1216626],"rotation":{"angle":22.5,"axis":"z","origin":[10.014128,12.968582,4.1216626]},"faces":{"down":{"uv":[3.985,14.765,3.265,14.985],"rotation":0,"texture":"#0","tintindex":0},"east":{"uv":[3.265,6.515,3.485,7.235],"rotation":0,"texture":"#0","tintindex":0},"north":{"uv":[13.765,14.515,14.485,15.235],"rotation":0,"texture":"#0","tintindex":0},"south":{"uv":[14.515,14.515,15.235,15.235],"rotation":0,"texture":"#0","tintindex":0},"up":{"uv":[15.485,3.235,14.765,3.015],"rotation":0,"texture":"#0","tintindex":0},"west":{"uv":[6.015,8.265,6.235,8.985],"rotation":0,"texture":"#0","tintindex":0}}},{"name":"cube","from":[8.214128,9.668582,4.7216625],"to":[10.014128,11.468582,5.321663],"rotation":{"angle":0.0,"axis":"x","origin":[7.6141276,-1.4314184,7.121662]},"faces":{"down":{"uv":[15.485,3.515,14.765,3.735],"rotation":0,"texture":"#0","tintindex":0},"east":{"uv":[9.015,14.515,9.235,15.235],"rotation":0,"texture":"#0","tintindex":0},"north":{"uv":[0.015,14.765,0.735,15.485],"rotation":0,"texture":"#0","tintindex":0},"south":{"uv":[14.765,1.515,15.485,2.235],"rotation":0,"texture":"#0","tintindex":0},"up":{"uv":[15.485,3.485,14.765,3.265],"rotation":0,"texture":"#0","tintindex":0},"west":{"uv":[9.265,14.515,9.485,15.235],"rotation":0,"texture":"#0","tintindex":0}}},{"name":"cube","from":[7.0141277,8.769153,4.447834],"to":[8.814127,9.969152,5.347834],"rotation":{"angle":0.0,"axis":"x","origin":[7.6141276,-1.4314184,7.121662]},"faces":{"down":{"uv":[3.235,14.765,2.515,15.235],"rotation":0,"texture":"#0","tintindex":0},"east":{"uv":[10.765,0.765,11.235,1.235],"rotation":0,"texture":"#0","tintindex":0},"north":{"uv":[14.515,8.015,15.235,8.485],"rotation":0,"texture":"#0","tintindex":0},"south":{"uv":[1.765,14.765,2.485,15.235],"rotation":0,"texture":"#0","tintindex":0},"up":{"uv":[15.485,2.735,14.765,2.265],"rotation":0,"texture":"#0","tintindex":0},"west":{"uv":[6.515,12.515,6.985,12.985],"rotation":0,"texture":"#0","tintindex":0}}},{"name":"cube","from":[7.9141273,7.268582,4.7216625],"to":[10.314127,9.068582,5.321663],"rotation":{"angle":-22.5,"axis":"z","origin":[10.014128,8.468582,4.8716626]},"faces":{"down":{"uv":[7.985,11.265,7.015,11.485],"rotation":0,"texture":"#0","tintindex":0},"east":{"uv":[0.765,14.765,0.985,15.485],"rotation":0,"texture":"#0","tintindex":0},"north":{"uv":[6.515,14.015,7.485,14.735],"rotation":0,"texture":"#0","tintindex":0},"south":{"uv":[14.015,6.515,14.985,7.235],"rotation":0,"texture":"#0","tintindex":0},"up":{"uv":[11.485,10.235,10.515,10.015],"rotation":0,"texture":"#0","tintindex":0},"west":{"uv":[4.015,14.765,4.235,15.485],"rotation":0,"texture":"#0","tintindex":0}}},{"name":"cube","from":[10.314127,7.268582,4.7216625],"to":[11.514128,9.068582,4.7216625],"rotation":{"angle":-22.5,"axis":"z","origin":[10.014128,8.468582,4.8716626]},"faces":{"down":{"uv":[0.485,0.015,0.015,0.015],"rotation":0,"texture":"#0","tintindex":0},"east":{"uv":[0.015,0.015,0.015,0.735],"rotation":0,"texture":"#0","tintindex":0},"north":{"uv":[5.515,9.265,5.985,9.985],"rotation":0,"texture":"#0","tintindex":0},"south":{"uv":[5.985,9.265,5.515,9.985],"rotation":0,"texture":"#0","tintindex":0},"up":{"uv":[0.485,0.015,0.015,0.015],"rotation":0,"texture":"#0","tintindex":0},"west":{"uv":[0.015,0.015,0.015,0.735],"rotation":0,"texture":"#0","tintindex":0}}},{"name":"cube","from":[5.4684553,7.0389714,4.7216625],"to":[7.8684554,8.838972,5.321663],"rotation":{"angle":22.5,"axis":"z","origin":[5.2141275,8.468582,4.8716626]},"faces":{"down":{"uv":[7.015,11.265,7.985,11.485],"rotation":0,"texture":"#0","tintindex":0},"east":{"uv":[4.235,14.765,4.015,15.485],"rotation":0,"texture":"#0","tintindex":0},"north":{"uv":[7.485,14.015,6.515,14.735],"rotation":0,"texture":"#0","tintindex":0},"south":{"uv":[14.985,6.515,14.015,7.235],"rotation":0,"texture":"#0","tintindex":0},"up":{"uv":[10.515,10.235,11.485,10.015],"rotation":0,"texture":"#0","tintindex":0},"west":{"uv":[0.985,14.765,0.765,15.485],"rotation":0,"texture":"#0","tintindex":0}}},{"name":"cube","from":[4.268455,7.0389714,4.7216625],"to":[5.4684553,8.838972,4.7216625],"rotation":{"angle":22.5,"axis":"z","origin":[5.2141275,8.468582,4.8716626]},"faces":{"down":{"uv":[0.015,0.015,0.485,0.015],"rotation":0,"texture":"#0","tintindex":0},"east":{"uv":[0.015,0.015,0.015,0.735],"rotation":0,"texture":"#0","tintindex":0},"north":{"uv":[5.985,9.265,5.515,9.985],"rotation":0,"texture":"#0","tintindex":0},"south":{"uv":[5.515,9.265,5.985,9.985],"rotation":0,"texture":"#0","tintindex":0},"up":{"uv":[0.015,0.015,0.485,0.015],"rotation":0,"texture":"#0","tintindex":0},"west":{"uv":[0.015,0.015,0.015,0.735],"rotation":0,"texture":"#0","tintindex":0}}},{"name":"cube","from":[10.014128,10.868582,4.1216626],"to":[10.614128,13.268582,4.7216625],"rotation":{"angle":0.0,"axis":"x","origin":[10.614128,12.518582,4.1216626]},"faces":{"down":{"uv":[10.235,6.765,10.015,6.985],"rotation":0,"texture":"#0","tintindex":0},"east":{"uv":[11.015,5.015,11.235,5.985],"rotation":0,"texture":"#0","tintindex":0},"north":{"uv":[6.015,7.265,6.235,8.235],"rotation":0,"texture":"#0","tintindex":0},"south":{"uv":[11.765,12.765,11.985,13.735],"rotation":0,"texture":"#0","tintindex":0},"up":{"uv":[10.235,6.735,10.015,6.515],"rotation":0,"texture":"#0","tintindex":0},"west":{"uv":[1.015,14.015,1.235,14.985],"rotation":0,"texture":"#0","tintindex":0}}},{"name":"cube","from":[5.2616816,8.768581,7.1907954],"to":[5.8616815,11.168582,8.990795],"rotation":{"angle":-22.5,"axis":"y","origin":[5.5616813,10.268581,7.7907953]},"faces":{"down":{"uv":[4.735,14.765,4.515,15.485],"rotation":0,"texture":"#0","tintindex":0},"east":{"uv":[9.515,14.015,10.235,14.985],"rotation":0,"texture":"#0","tintindex":0},"north":{"uv":[4.765,14.015,4.985,14.985],"rotation":0,"texture":"#0","tintindex":0},"south":{"uv":[10.265,14.015,10.485,14.985],"rotation":0,"texture":"#0","tintindex":0},"up":{"uv":[4.485,15.485,4.265,14.765],"rotation":0,"texture":"#0","tintindex":0},"west":{"uv":[11.515,14.015,12.235,14.985],"rotation":0,"texture":"#0","tintindex":0}}},{"name":"cube","from":[5.169712,7.5685816,6.453154],"to":[5.169712,11.168582,8.253155],"rotation":{"angle":-22.5,"axis":"y","origin":[5.169712,9.368582,7.353154]},"faces":{"down":{"uv":[0.015,0.015,0.015,0.735],"rotation":0,"texture":"#0","tintindex":0},"east":{"uv":[9.485,13.015,8.765,14.485],"rotation":0,"texture":"#0","tintindex":0},"north":{"uv":[0.015,0.015,0.015,1.485],"rotation":0,"texture":"#0","tintindex":0},"south":{"uv":[0.015,0.015,0.015,1.485],"rotation":0,"texture":"#0","tintindex":0},"up":{"uv":[0.015,0.735,0.015,0.015],"rotation":0,"texture":"#0","tintindex":0},"west":{"uv":[8.765,13.015,9.485,14.485],"rotation":0,"texture":"#0","tintindex":0}}},{"name":"cube","from":[10.612871,7.5685816,6.682764],"to":[10.612871,11.168582,8.482764],"rotation":{"angle":22.5,"axis":"y","origin":[10.058542,9.368582,7.353154]},"faces":{"down":{"uv":[0.015,0.015,0.015,0.735],"rotation":0,"texture":"#0","tintindex":0},"east":{"uv":[9.485,13.015,8.765,14.485],"rotation":0,"texture":"#0","tintindex":0},"north":{"uv":[0.015,0.015,0.015,1.485],"rotation":0,"texture":"#0","tintindex":0},"south":{"uv":[0.015,0.015,0.015,1.485],"rotation":0,"texture":"#0","tintindex":0},"up":{"uv":[0.015,0.735,0.015,0.015],"rotation":0,"texture":"#0","tintindex":0},"west":{"uv":[8.765,13.015,9.485,14.485],"rotation":0,"texture":"#0","tintindex":0}}},{"name":"cube","from":[9.920902,8.768581,7.4204054],"to":[10.520901,11.168582,9.220406],"rotation":{"angle":22.5,"axis":"y","origin":[9.6665745,10.268581,7.7907953]},"faces":{"down":{"uv":[4.515,14.765,4.735,15.485],"rotation":0,"texture":"#0","tintindex":0},"east":{"uv":[12.235,14.015,11.515,14.985],"rotation":0,"texture":"#0","tintindex":0},"north":{"uv":[4.985,14.015,4.765,14.985],"rotation":0,"texture":"#0","tintindex":0},"south":{"uv":[10.485,14.015,10.265,14.985],"rotation":0,"texture":"#0","tintindex":0},"up":{"uv":[4.265,15.485,4.485,14.765],"rotation":0,"texture":"#0","tintindex":0},"west":{"uv":[10.235,14.015,9.515,14.985],"rotation":0,"texture":"#0","tintindex":0}}},{"name":"cube","from":[6.7141275,5.814254,5.0920525],"to":[9.114128,7.614254,5.0920525],"rotation":{"angle":22.5,"axis":"x","origin":[7.9141273,7.0142536,5.0920525]},"faces":{"down":{"uv":[0.985,0.015,0.015,0.015],"rotation":0,"texture":"#0","tintindex":0},"east":{"uv":[0.015,0.015,0.015,0.735],"rotation":0,"texture":"#0","tintindex":0},"north":{"uv":[14.015,13.765,14.985,14.485],"rotation":0,"texture":"#0","tintindex":0},"south":{"uv":[14.985,13.765,14.015,14.485],"rotation":0,"texture":"#0","tintindex":0},"up":{"uv":[0.985,0.015,0.015,0.015],"rotation":0,"texture":"#0","tintindex":0},"west":{"uv":[0.015,0.015,0.015,0.735],"rotation":0,"texture":"#0","tintindex":0}}}],"display":{"head":{"translation":[0.0,-6.4,0.0],"rotation":[0.0,0.0,0.0],"scale":[3.8095,3.8095,3.8095]}}}