{"textures":{"0":"modelengine:entity/lr_tinkerer","1":"modelengine:entity/lr_tinkerer_spanner"},"elements":[{"name":"cube","from":[5.6,5.8999996,6.8],"to":[8.0,8.9,9.2],"rotation":{"angle":0.0,"axis":"x","origin":[5.3,6.8,6.5]},"faces":{"down":{"uv":[14.735,3.015,13.765,3.985],"rotation":0,"texture":"#0","tintindex":0},"east":{"uv":[4.015,12.765,4.985,13.985],"rotation":0,"texture":"#0","tintindex":0},"north":{"uv":[3.015,12.765,3.985,13.985],"rotation":0,"texture":"#0","tintindex":0},"south":{"uv":[9.515,12.765,10.485,13.985],"rotation":0,"texture":"#0","tintindex":0},"up":{"uv":[14.735,2.985,13.765,2.015],"rotation":0,"texture":"#0","tintindex":0},"west":{"uv":[12.765,10.015,13.735,11.235],"rotation":0,"texture":"#0","tintindex":0}}},{"name":"cube","from":[5.8999996,4.7,7.1],"to":[7.7,5.8999996,8.9],"rotation":{"angle":0.0,"axis":"x","origin":[5.6,3.7999995,6.2]},"faces":{"down":{"uv":[8.235,14.265,7.515,14.985],"rotation":0,"texture":"#0","tintindex":0},"east":{"uv":[12.265,5.515,12.985,5.985],"rotation":0,"texture":"#0","tintindex":0},"north":{"uv":[10.265,3.015,10.985,3.485],"rotation":0,"texture":"#0","tintindex":0},"south":{"uv":[13.015,5.515,13.735,5.985],"rotation":0,"texture":"#0","tintindex":0},"up":{"uv":[14.985,1.485,14.265,0.765],"rotation":0,"texture":"#0","tintindex":0},"west":{"uv":[14.265,9.265,14.985,9.735],"rotation":0,"texture":"#0","tintindex":0}}}],"display":{"head":{"translation":[0.0,-6.4,0.0],"rotation":[0.0,0.0,0.0],"scale":[3.8095,3.8095,3.8095]}}}