{"textures":{"0":"modelengine:entity/lr_tinkerer","1":"modelengine:entity/lr_tinkerer_spanner"},"elements":[{"name":"cube","from":[6.7759066,4.212923,5.594],"to":[9.175907,6.6129236,8.594],"rotation":{"angle":22.5,"axis":"z","origin":[8.275907,5.712923,7.094]},"faces":{"down":{"uv":[13.735,12.515,12.765,13.735],"rotation":0,"texture":"#0","tintindex":0},"east":{"uv":[12.765,6.515,13.985,7.485],"rotation":0,"texture":"#0","tintindex":0},"north":{"uv":[5.515,13.765,6.485,14.735],"rotation":0,"texture":"#0","tintindex":0},"south":{"uv":[13.765,5.515,14.735,6.485],"rotation":0,"texture":"#0","tintindex":0},"up":{"uv":[13.735,12.485,12.765,11.265],"rotation":0,"texture":"#0","tintindex":0},"west":{"uv":[10.515,12.765,11.735,13.735],"rotation":0,"texture":"#0","tintindex":0}}},{"name":"cube","from":[7.2456584,2.4343648,-0.32172036],"to":[9.045658,4.2343645,0.8782797],"rotation":{"angle":22.5,"axis":"z","origin":[8.275907,5.712923,7.094]},"faces":{"down":{"uv":[9.5,6.0,8.0,7.0],"rotation":0,"texture":"#1","tintindex":0},"east":{"uv":[5.0,7.5,6.0,9.0],"rotation":0,"texture":"#1","tintindex":0},"north":{"uv":[7.0,3.0,8.5,4.5],"rotation":0,"texture":"#1","tintindex":0},"south":{"uv":[7.0,4.5,8.5,6.0],"rotation":0,"texture":"#1","tintindex":0},"up":{"uv":[8.5,8.5,7.0,7.5],"rotation":0,"texture":"#1","tintindex":0},"west":{"uv":[6.0,7.5,7.0,9.0],"rotation":0,"texture":"#1","tintindex":0}}},{"name":"cube","from":[7.2456584,4.2343645,-0.9217205],"to":[9.045658,6.634365,0.8782797],"rotation":{"angle":22.5,"axis":"z","origin":[8.275907,5.712923,7.094]},"faces":{"down":{"uv":[8.5,1.5,7.0,3.0],"rotation":0,"texture":"#1","tintindex":0},"east":{"uv":[4.0,4.0,5.5,6.0],"rotation":0,"texture":"#1","tintindex":0},"north":{"uv":[2.5,4.0,4.0,6.0],"rotation":0,"texture":"#1","tintindex":0},"south":{"uv":[5.5,2.0,7.0,4.0],"rotation":0,"texture":"#1","tintindex":0},"up":{"uv":[8.5,1.5,7.0,0.0],"rotation":0,"texture":"#1","tintindex":0},"west":{"uv":[5.5,4.0,7.0,6.0],"rotation":0,"texture":"#1","tintindex":0}}},{"name":"cube","from":[7.2456584,4.2343645,1.8932744],"to":[9.045658,6.634365,3.6932745],"rotation":{"angle":22.5,"axis":"z","origin":[8.275907,5.712923,3.477555]},"faces":{"down":{"uv":[4.0,6.0,2.5,7.5],"rotation":0,"texture":"#1","tintindex":0},"east":{"uv":[2.5,2.0,4.0,4.0],"rotation":0,"texture":"#1","tintindex":0},"north":{"uv":[1.0,2.0,2.5,4.0],"rotation":0,"texture":"#1","tintindex":0},"south":{"uv":[1.0,4.0,2.5,6.0],"rotation":0,"texture":"#1","tintindex":0},"up":{"uv":[2.5,7.5,1.0,6.0],"rotation":0,"texture":"#1","tintindex":0},"west":{"uv":[4.0,2.0,5.5,4.0],"rotation":0,"texture":"#1","tintindex":0}}},{"name":"cube","from":[7.8456583,3.6343646,3.0932746],"to":[8.445658,4.2343645,4.2932744],"rotation":{"angle":22.5,"axis":"z","origin":[8.275907,5.712923,3.477555]},"faces":{"down":{"uv":[12.5,4.5,12.0,5.5],"rotation":0,"texture":"#1","tintindex":0},"east":{"uv":[12.0,0.5,13.0,1.0],"rotation":0,"texture":"#1","tintindex":0},"north":{"uv":[10.5,0.5,11.0,1.0],"rotation":0,"texture":"#1","tintindex":0},"south":{"uv":[10.5,2.5,11.0,3.0],"rotation":0,"texture":"#1","tintindex":0},"up":{"uv":[11.0,5.5,10.5,4.5],"rotation":0,"texture":"#1","tintindex":0},"west":{"uv":[13.5,0.5,14.5,1.0],"rotation":0,"texture":"#1","tintindex":0}}},{"name":"cube","from":[7.8456583,3.6343646,4.2932744],"to":[8.445658,4.834365,4.8932743],"rotation":{"angle":22.5,"axis":"z","origin":[8.275907,5.712923,3.477555]},"faces":{"down":{"uv":[12.5,4.5,12.0,5.0],"rotation":0,"texture":"#1","tintindex":0},"east":{"uv":[12.0,0.5,12.5,1.5],"rotation":0,"texture":"#1","tintindex":0},"north":{"uv":[10.5,0.5,11.0,1.5],"rotation":0,"texture":"#1","tintindex":0},"south":{"uv":[10.5,2.5,11.0,3.5],"rotation":0,"texture":"#1","tintindex":0},"up":{"uv":[11.0,5.0,10.5,4.5],"rotation":0,"texture":"#1","tintindex":0},"west":{"uv":[13.5,0.5,14.0,1.5],"rotation":0,"texture":"#1","tintindex":0}}},{"name":"cube","from":[7.2456584,2.4343648,1.8932744],"to":[9.045658,4.2343645,3.0932746],"rotation":{"angle":22.5,"axis":"z","origin":[8.275907,5.712923,3.477555]},"faces":{"down":{"uv":[5.0,7.5,3.5,8.5],"rotation":0,"texture":"#1","tintindex":0},"east":{"uv":[7.0,6.0,8.0,7.5],"rotation":0,"texture":"#1","tintindex":0},"north":{"uv":[4.0,6.0,5.5,7.5],"rotation":0,"texture":"#1","tintindex":0},"south":{"uv":[5.5,6.0,7.0,7.5],"rotation":0,"texture":"#1","tintindex":0},"up":{"uv":[3.5,8.5,2.0,7.5],"rotation":0,"texture":"#1","tintindex":0},"west":{"uv":[1.0,7.5,2.0,9.0],"rotation":0,"texture":"#1","tintindex":0}}},{"name":"cube","from":[7.8456583,4.834365,0.8782797],"to":[8.445658,6.0343647,9.27828],"rotation":{"angle":22.5,"axis":"z","origin":[8.275907,5.712923,7.094]},"faces":{"down":{"uv":[1.0,2.0,0.5,9.0],"rotation":0,"texture":"#1","tintindex":0},"east":{"uv":[0.0,0.0,7.0,1.0],"rotation":0,"texture":"#1","tintindex":0},"north":{"uv":[8.5,0.0,9.0,1.0],"rotation":0,"texture":"#1","tintindex":0},"south":{"uv":[8.5,1.0,9.0,2.0],"rotation":0,"texture":"#1","tintindex":0},"up":{"uv":[0.5,9.0,0.0,2.0],"rotation":0,"texture":"#1","tintindex":0},"west":{"uv":[0.0,1.0,7.0,2.0],"rotation":0,"texture":"#1","tintindex":0}}},{"name":"cube","from":[6.5,5.6,5.3],"to":[9.5,8.0,8.9],"rotation":{"angle":0.0,"axis":"x","origin":[6.8,7.1,5.0]},"faces":{"down":{"uv":[9.485,11.515,8.265,12.985],"rotation":0,"texture":"#0","tintindex":0},"east":{"uv":[12.265,2.015,13.735,2.985],"rotation":0,"texture":"#0","tintindex":0},"north":{"uv":[0.015,13.015,1.235,13.985],"rotation":0,"texture":"#0","tintindex":0},"south":{"uv":[13.015,0.015,14.235,0.985],"rotation":0,"texture":"#0","tintindex":0},"up":{"uv":[8.235,12.985,7.015,11.515],"rotation":0,"texture":"#0","tintindex":0},"west":{"uv":[12.265,3.015,13.735,3.985],"rotation":0,"texture":"#0","tintindex":0}}}],"display":{"head":{"translation":[0.0,-6.4,0.0],"rotation":[0.0,0.0,0.0],"scale":[3.8095,3.8095,3.8095]}}}