{"textures":{"0":"modelengine:entity/lr_tinkerer","1":"modelengine:entity/lr_tinkerer_spanner"},"elements":[{"name":"cube","from":[6.824093,4.212923,5.594],"to":[9.224093,6.6129236,8.594],"rotation":{"angle":-22.5,"axis":"z","origin":[7.7240934,5.712923,7.094]},"faces":{"down":{"uv":[12.765,12.515,13.735,13.735],"rotation":0,"texture":"#0","tintindex":0},"east":{"uv":[11.735,12.765,10.515,13.735],"rotation":0,"texture":"#0","tintindex":0},"north":{"uv":[6.485,13.765,5.515,14.735],"rotation":0,"texture":"#0","tintindex":0},"south":{"uv":[14.735,5.515,13.765,6.485],"rotation":0,"texture":"#0","tintindex":0},"up":{"uv":[12.765,12.485,13.735,11.265],"rotation":0,"texture":"#0","tintindex":0},"west":{"uv":[13.985,6.515,12.765,7.485],"rotation":0,"texture":"#0","tintindex":0}}},{"name":"cube","from":[6.5,5.6,5.3],"to":[9.5,8.0,8.9],"rotation":{"angle":0.0,"axis":"x","origin":[9.2,7.1,5.0]},"faces":{"down":{"uv":[8.265,11.515,9.485,12.985],"rotation":0,"texture":"#0","tintindex":0},"east":{"uv":[13.735,3.015,12.265,3.985],"rotation":0,"texture":"#0","tintindex":0},"north":{"uv":[1.235,13.015,0.015,13.985],"rotation":0,"texture":"#0","tintindex":0},"south":{"uv":[14.235,0.015,13.015,0.985],"rotation":0,"texture":"#0","tintindex":0},"up":{"uv":[7.015,12.985,8.235,11.515],"rotation":0,"texture":"#0","tintindex":0},"west":{"uv":[13.735,2.015,12.265,2.985],"rotation":0,"texture":"#0","tintindex":0}}}],"display":{"head":{"translation":[0.0,-6.4,0.0],"rotation":[0.0,0.0,0.0],"scale":[3.8095,3.8095,3.8095]}}}