{"textures":{"0":"modelengine:entity/lr_tinkerer","1":"modelengine:entity/lr_tinkerer_spanner"},"elements":[{"name":"cube","from":[5.0,8.998246,6.36111],"to":[10.4,11.998246,9.96111],"rotation":{"angle":-22.5,"axis":"x","origin":[7.7,9.898247,7.2611103]},"faces":{"down":{"uv":[11.235,1.515,9.015,2.985],"rotation":0,"texture":"#0","tintindex":0},"east":{"uv":[10.515,8.765,11.985,9.985],"rotation":0,"texture":"#0","tintindex":0},"north":{"uv":[6.015,9.015,8.235,10.235],"rotation":0,"texture":"#0","tintindex":0},"south":{"uv":[8.265,9.015,10.485,10.235],"rotation":0,"texture":"#0","tintindex":0},"up":{"uv":[10.985,6.485,8.765,5.015],"rotation":0,"texture":"#0","tintindex":0},"west":{"uv":[5.515,11.265,6.985,12.485],"rotation":0,"texture":"#0","tintindex":0}}},{"name":"cube","from":[6.2,11.998246,6.96111],"to":[9.2,13.798246,9.96111],"rotation":{"angle":-22.5,"axis":"x","origin":[7.7,9.898247,7.2611103]},"faces":{"down":{"uv":[11.985,11.515,10.765,12.735],"rotation":0,"texture":"#0","tintindex":0},"east":{"uv":[13.765,10.765,14.985,11.485],"rotation":0,"texture":"#0","tintindex":0},"north":{"uv":[2.015,6.515,3.235,7.235],"rotation":0,"texture":"#0","tintindex":0},"south":{"uv":[13.765,11.515,14.985,12.235],"rotation":0,"texture":"#0","tintindex":0},"up":{"uv":[10.735,12.735,9.515,11.515],"rotation":0,"texture":"#0","tintindex":0},"west":{"uv":[13.765,12.265,14.985,12.985],"rotation":0,"texture":"#0","tintindex":0}}},{"name":"cube","from":[4.7,6.5,5.8999996],"to":[10.700001,10.1,10.1],"rotation":{"angle":0.0,"axis":"x","origin":[8.0,8.0,7.4]},"faces":{"down":{"uv":[8.735,5.265,6.265,6.985],"rotation":0,"texture":"#0","tintindex":0},"east":{"uv":[2.015,9.265,3.735,10.735],"rotation":0,"texture":"#0","tintindex":0},"north":{"uv":[8.265,0.015,10.735,1.485],"rotation":0,"texture":"#0","tintindex":0},"south":{"uv":[8.765,3.515,11.235,4.985],"rotation":0,"texture":"#0","tintindex":0},"up":{"uv":[8.735,5.235,6.265,3.515],"rotation":0,"texture":"#0","tintindex":0},"west":{"uv":[3.765,9.265,5.485,10.735],"rotation":0,"texture":"#0","tintindex":0}}},{"name":"cube","from":[4.7,4.1,5.8999996],"to":[10.700001,6.5,5.8999996],"rotation":{"angle":0.0,"axis":"x","origin":[8.0,8.0,7.4]},"faces":{"down":{"uv":[2.485,0.015,0.015,0.015],"rotation":0,"texture":"#0","tintindex":0},"east":{"uv":[0.015,0.015,0.015,0.985],"rotation":0,"texture":"#0","tintindex":0},"north":{"uv":[5.515,10.265,7.985,11.235],"rotation":0,"texture":"#0","tintindex":0},"south":{"uv":[7.985,10.265,5.515,11.235],"rotation":0,"texture":"#0","tintindex":0},"up":{"uv":[2.485,0.015,0.015,0.015],"rotation":0,"texture":"#0","tintindex":0},"west":{"uv":[0.015,0.015,0.015,0.985],"rotation":0,"texture":"#0","tintindex":0}}}],"display":{"head":{"translation":[0.0,-6.4,0.0],"rotation":[0.0,0.0,0.0],"scale":[3.8095,3.8095,3.8095]}}}