{
	"credit": "Made with Blockbench",
	"texture_size": [64, 64],
	"textures": {
		"1": "modelengine:entity/bulbwitherrose"
	},
	"elements": [
		{
			"from": [5, 14, 1],
			"to": [9, 20, 6],
			"rotation": {"angle": 0, "axis": "y", "origin": [8, 0, 10]},
			"faces": {
				"north": {"uv": [5, 2, 6, 3.5], "texture": "#1"},
				"east": {"uv": [7, 5.5, 8.25, 7], "texture": "#1"},
				"south": {"uv": [7.5, 4, 8.5, 5.5], "texture": "#1"},
				"west": {"uv": [7, 7, 8.25, 8.5], "texture": "#1"},
				"up": {"uv": [6.5, 8.75, 5.5, 7.5], "texture": "#1"},
				"down": {"uv": [1, 8, 0, 9.25], "texture": "#1"}
			}
		},
		{
			"from": [7, 10, 3],
			"to": [7, 24, 13],
			"rotation": {"angle": 0, "axis": "y", "origin": [8, 0, 10]},
			"faces": {
				"north": {"uv": [0, 0, 0, 3.5], "texture": "#missing"},
				"east": {"uv": [5, 0, 2.5, 3.5], "texture": "#1"},
				"south": {"uv": [0, 0, 0, 3.5], "texture": "#missing"},
				"west": {"uv": [2.5, 0, 5, 3.5], "texture": "#1"},
				"up": {"uv": [0, 2.5, 0, 0], "texture": "#missing"},
				"down": {"uv": [0, 0, 0, 2.5], "texture": "#missing"}
			}
		},
		{
			"from": [7, 10, 7],
			"to": [7, 16, 13],
			"rotation": {"angle": 45, "axis": "z", "origin": [7, 10, 10]},
			"faces": {
				"north": {"uv": [0, 0, 0, 1.5], "texture": "#missing"},
				"east": {"uv": [6, 4, 7.5, 5.5], "texture": "#1"},
				"south": {"uv": [0, 0, 0, 1.5], "texture": "#missing"},
				"west": {"uv": [7.5, 4, 6, 5.5], "texture": "#1"},
				"up": {"uv": [0, 1.5, 0, 0], "texture": "#missing"},
				"down": {"uv": [0, 0, 0, 1.5], "texture": "#missing"}
			}
		},
		{
			"from": [7, 16, 8],
			"to": [11, 16, 13],
			"rotation": {"angle": 22.5, "axis": "z", "origin": [7, 16, 10.5]},
			"faces": {
				"north": {"uv": [0, 0, 1, 0], "texture": "#missing"},
				"east": {"uv": [0, 0, 1.25, 0], "texture": "#missing"},
				"south": {"uv": [0, 0, 1, 0], "texture": "#missing"},
				"west": {"uv": [0, 0, 1.25, 0], "texture": "#missing"},
				"up": {"uv": [9, 1.25, 8, 0], "texture": "#1"},
				"down": {"uv": [9, 0, 8, 1.25], "texture": "#1"}
			}
		},
		{
			"from": [10.69552, 17.53073, 8],
			"to": [14.69552, 17.53073, 13],
			"rotation": {"angle": -45, "axis": "z", "origin": [10.69552, 17.53073, 10.5]},
			"faces": {
				"north": {"uv": [0, 0, 1, 0], "texture": "#missing"},
				"east": {"uv": [0, 0, 1.25, 0], "texture": "#missing"},
				"south": {"uv": [0, 0, 1, 0], "texture": "#missing"},
				"west": {"uv": [0, 0, 1.25, 0], "texture": "#missing"},
				"up": {"uv": [3, 9.25, 2, 8], "texture": "#1"},
				"down": {"uv": [3, 8, 2, 9.25], "texture": "#1"}
			}
		},
		{
			"from": [9.29219, 20.7064, 1],
			"to": [12.29219, 20.7064, 6],
			"rotation": {"angle": -45, "axis": "z", "origin": [8.29219, 20.7064, 3.5]},
			"faces": {
				"north": {"uv": [0, 0, 1, 0], "texture": "#missing"},
				"east": {"uv": [0, 0, 1.25, 0], "texture": "#missing"},
				"south": {"uv": [0, 0, 1, 0], "texture": "#missing"},
				"west": {"uv": [0, 0, 1.25, 0], "texture": "#missing"},
				"up": {"uv": [2.75, 9.25, 2, 8], "texture": "#1"},
				"down": {"uv": [2.75, 8, 2, 9.25], "texture": "#1"}
			}
		},
		{
			"from": [1.70781, 20.7064, 1],
			"to": [4.70781, 20.7064, 6],
			"rotation": {"angle": 45, "axis": "z", "origin": [5.70781, 20.7064, 3.5]},
			"faces": {
				"north": {"uv": [1, 0, 0, 0], "texture": "#missing"},
				"east": {"uv": [1.25, 0, 0, 0], "texture": "#missing"},
				"south": {"uv": [1, 0, 0, 0], "texture": "#missing"},
				"west": {"uv": [1.25, 0, 0, 0], "texture": "#missing"},
				"up": {"uv": [2, 9.25, 2.75, 8], "texture": "#1"},
				"down": {"uv": [2, 8, 2.75, 9.25], "texture": "#1"}
			}
		},
		{
			"from": [4.5, 20.7064, -2.29219],
			"to": [9.5, 20.7064, 0.70781],
			"rotation": {"angle": -45, "axis": "x", "origin": [6.5, 20.7064, 1.70781]},
			"faces": {
				"north": {"uv": [1.25, 0, 0, 0], "texture": "#missing"},
				"east": {"uv": [1, 0, 0, 0], "texture": "#missing"},
				"south": {"uv": [1.25, 0, 0, 0], "texture": "#missing"},
				"west": {"uv": [1, 0, 0, 0], "texture": "#missing"},
				"up": {"uv": [2, 9.25, 2.75, 8], "rotation": 90, "texture": "#1"},
				"down": {"uv": [2, 8, 2.75, 9.25], "rotation": 270, "texture": "#1"}
			}
		},
		{
			"from": [4.5, 20.70711, 6.29289],
			"to": [9.5, 20.70711, 9.29289],
			"rotation": {"angle": 45, "axis": "x", "origin": [6, 20.70711, 5.29289]},
			"faces": {
				"north": {"uv": [0, 0, 1.25, 0], "texture": "#missing"},
				"east": {"uv": [0, 0, 1, 0], "texture": "#missing"},
				"south": {"uv": [0, 0, 1.25, 0], "texture": "#missing"},
				"west": {"uv": [0, 0, 1, 0], "texture": "#missing"},
				"up": {"uv": [2.75, 9.25, 2, 8], "rotation": 90, "texture": "#1"},
				"down": {"uv": [2.75, 8, 2, 9.25], "rotation": 270, "texture": "#1"}
			}
		},
		{
			"from": [1, 1.91667, 2.98333],
			"to": [13, 9.91667, 12.98333],
			"rotation": {"angle": 0, "axis": "y", "origin": [7, 8.91667, 7.98333]},
			"faces": {
				"north": {"uv": [5, 0, 8, 2], "texture": "#1"},
				"east": {"uv": [6, 2, 8.5, 4], "texture": "#1"},
				"south": {"uv": [0, 6, 3, 8], "texture": "#1"},
				"west": {"uv": [3, 6, 5.5, 8], "texture": "#1"},
				"up": {"uv": [3, 6, 0, 3.5], "texture": "#1"},
				"down": {"uv": [6, 3.5, 3, 6], "texture": "#1"}
			}
		},
		{
			"from": [9, 5.91667, 1.98333],
			"to": [12, 8.91667, 2.98333],
			"rotation": {"angle": 0, "axis": "y", "origin": [7, 8.91667, 7.98333]},
			"faces": {
				"north": {"uv": [8, 1.25, 8.75, 2], "texture": "#1"},
				"east": {"uv": [8, 8.5, 8.25, 9.25], "texture": "#1"},
				"south": {"uv": [8.25, 6.75, 9, 7.5], "texture": "#missing"},
				"west": {"uv": [8.75, 1.25, 9, 2], "texture": "#1"},
				"up": {"uv": [6.75, 5.75, 6, 5.5], "texture": "#1"},
				"down": {"uv": [6.75, 5.75, 6, 6], "texture": "#1"}
			}
		},
		{
			"from": [2, 5.91667, 1.98333],
			"to": [5, 8.91667, 2.98333],
			"rotation": {"angle": 0, "axis": "y", "origin": [7, 8.91667, 7.98333]},
			"faces": {
				"north": {"uv": [8.75, 1.25, 8, 2], "texture": "#1"},
				"east": {"uv": [9, 1.25, 8.75, 2], "texture": "#1"},
				"south": {"uv": [9, 6.75, 8.25, 7.5], "texture": "#missing"},
				"west": {"uv": [8.25, 8.5, 8, 9.25], "texture": "#1"},
				"up": {"uv": [6, 5.75, 6.75, 5.5], "texture": "#1"},
				"down": {"uv": [6, 5.75, 6.75, 6], "texture": "#1"}
			}
		},
		{
			"from": [9, -0.08333, 6.98333],
			"to": [11, 2.91667, 9.98333],
			"rotation": {"angle": 0, "axis": "y", "origin": [0, 8.91667, -0.01667]},
			"faces": {
				"north": {"uv": [8.5, 3.5, 9, 4.25], "texture": "#1"},
				"east": {"uv": [8.25, 7.5, 9, 8.25], "texture": "#1"},
				"south": {"uv": [8.5, 4.25, 9, 5], "texture": "#1"},
				"west": {"uv": [8.25, 8.25, 9, 9], "texture": "#1"},
				"up": {"uv": [7.5, 9.25, 7, 8.5], "texture": "#missing"},
				"down": {"uv": [8, 8.5, 7.5, 9.25], "texture": "#1"}
			}
		},
		{
			"from": [3, -0.08333, 6.98333],
			"to": [5, 2.91667, 9.98333],
			"rotation": {"angle": 0, "axis": "y", "origin": [0, 8.91667, -0.01667]},
			"faces": {
				"north": {"uv": [9, 3.5, 8.5, 4.25], "texture": "#1"},
				"east": {"uv": [9, 8.25, 8.25, 9], "texture": "#1"},
				"south": {"uv": [9, 4.25, 8.5, 5], "texture": "#1"},
				"west": {"uv": [9, 7.5, 8.25, 8.25], "texture": "#1"},
				"up": {"uv": [7, 9.25, 7.5, 8.5], "texture": "#missing"},
				"down": {"uv": [7.5, 8.5, 8, 9.25], "texture": "#1"}
			}
		},
		{
			"from": [12, 1.91667, 6.98333],
			"to": [14, 6.91667, 9.98333],
			"rotation": {"angle": 0, "axis": "y", "origin": [-1, 8.91667, -0.01667]},
			"faces": {
				"north": {"uv": [6.5, 7.5, 7, 8.75], "texture": "#1"},
				"east": {"uv": [4, 8, 4.75, 9.25], "texture": "#1"},
				"south": {"uv": [8.25, 5.5, 8.75, 6.75], "texture": "#1"},
				"west": {"uv": [4.75, 8, 5.5, 9.25], "texture": "#missing"},
				"up": {"uv": [9, 2.75, 8.5, 2], "texture": "#1"},
				"down": {"uv": [9, 2.75, 8.5, 3.5], "texture": "#1"}
			}
		},
		{
			"from": [0, 1.91667, 6.98333],
			"to": [2, 6.91667, 9.98333],
			"rotation": {"angle": 0, "axis": "y", "origin": [1, 8.91667, -0.01667]},
			"faces": {
				"north": {"uv": [7, 7.5, 6.5, 8.75], "texture": "#1"},
				"east": {"uv": [5.5, 8, 4.75, 9.25], "texture": "#missing"},
				"south": {"uv": [8.75, 5.5, 8.25, 6.75], "texture": "#1"},
				"west": {"uv": [4.75, 8, 4, 9.25], "texture": "#1"},
				"up": {"uv": [8.5, 2.75, 9, 2], "texture": "#1"},
				"down": {"uv": [8.5, 2.75, 9, 3.5], "texture": "#1"}
			}
		}
	],
	"display": {
		"gui": {
			"rotation": [-15, -180, -10],
			"translation": [0, -1.75, 0],
			"scale": [0.7, 0.7, 0.7]
		}
	},
	"groups": [
		{
			"name": "h_bulb",
			"origin": [0, 3.91667, 0.98333],
			"color": 0,
			"children": [
				{
					"name": "h_rose",
					"origin": [-0.05448, 10.28073, 1.5],
					"color": 0,
					"children": [0, 1, 2, 3, 4, 5, 6, 7, 8]
				},
				9,
				10,
				11,
				{
					"name": "right_leg",
					"origin": [3, 2.91667, -0.01667],
					"rotation": [-10, 0, 0],
					"color": 0,
					"children": [12]
				},
				{
					"name": "left_leg",
					"origin": [-3, 2.91667, -0.01667],
					"rotation": [-10, 0, 0],
					"color": 0,
					"children": [13]
				},
				{
					"name": "h_right_arm",
					"origin": [6, 6.91667, 0.48333],
					"rotation": [-15, 0, 30],
					"color": 0,
					"children": [14]
				},
				{
					"name": "h_left_arm",
					"origin": [-6, 6.91667, 0.48333],
					"rotation": [-15, 0, -30],
					"color": 0,
					"children": [15]
				}
			]
		}
	]
}