{
	"credit": "Made with Blockbench",
	"texture_size": [64, 64],
	"textures": {
		"0": "modelengine:entity/bulbfungi",
		"particle": "modelengine:entity/bulbfungi"
	},
	"elements": [
		{
			"from": [9, 9, 7],
			"to": [11, 18, 9],
			"rotation": {"angle": 0, "axis": "y", "origin": [8, 0, 8]},
			"faces": {
				"north": {"uv": [4, 7.25, 4.5, 9.5], "texture": "#0"},
				"east": {"uv": [4.5, 7.25, 5, 9.5], "texture": "#0"},
				"south": {"uv": [7.25, 4.75, 7.75, 7], "texture": "#0"},
				"west": {"uv": [5, 7.25, 5.5, 9.5], "texture": "#0"},
				"up": {"uv": [6.5, 4, 6, 3.5], "texture": "#0"},
				"down": {"uv": [7, 3.5, 6.5, 4], "texture": "#0"}
			}
		},
		{
			"from": [5, 8, 6.75],
			"to": [7, 10, 8.75],
			"rotation": {"angle": 0, "axis": "y", "origin": [8, 0, 8]},
			"faces": {
				"north": {"uv": [4, 7.25, 4.5, 7.75], "texture": "#0"},
				"east": {"uv": [4.5, 7.25, 5, 7.75], "texture": "#0"},
				"south": {"uv": [7.25, 4.75, 7.75, 5.25], "texture": "#0"},
				"west": {"uv": [5, 7.25, 5.5, 7.75], "texture": "#0"},
				"up": {"uv": [6.5, 4, 6, 3.5], "texture": "#0"},
				"down": {"uv": [7, 3.5, 6.5, 4], "texture": "#0"}
			}
		},
		{
			"from": [7.54539, 17.31283, 7],
			"to": [9.54539, 25.31283, 9],
			"rotation": {"angle": 22.5, "axis": "z", "origin": [8.54539, 21.31283, 8]},
			"faces": {
				"north": {"uv": [7.25, 7, 7.75, 9], "texture": "#0"},
				"east": {"uv": [5.5, 7.5, 6, 9.5], "texture": "#0"},
				"south": {"uv": [6, 7.5, 6.5, 9.5], "texture": "#0"},
				"west": {"uv": [6.5, 7.5, 7, 9.5], "texture": "#0"},
				"up": {"uv": [8.25, 3.5, 7.75, 3], "texture": "#0"},
				"down": {"uv": [10.5, 4, 10, 4.5], "texture": "#0"}
			}
		},
		{
			"from": [5.54539, 8.31283, 1],
			"to": [7.54539, 15.31283, 3],
			"rotation": {"angle": -22.5, "axis": "x", "origin": [1.54539, 15.31283, 4]},
			"faces": {
				"north": {"uv": [1.5, 8.25, 2, 10], "texture": "#0"},
				"east": {"uv": [8.25, 3, 8.75, 4.75], "texture": "#0"},
				"south": {"uv": [7.75, 8.25, 8.25, 10], "texture": "#0"},
				"west": {"uv": [8.25, 8.25, 8.75, 10], "texture": "#0"},
				"up": {"uv": [10.5, 5, 10, 4.5], "texture": "#0"},
				"down": {"uv": [10.5, 5, 10, 5.5], "texture": "#0"}
			}
		},
		{
			"from": [5.54539, 14.16478, 1.22836],
			"to": [7.54539, 20.16478, 3.22836],
			"rotation": {"angle": 0, "axis": "y", "origin": [1.54539, 20.16478, 4.22836]},
			"faces": {
				"north": {"uv": [8.75, 1, 9.25, 2.5], "texture": "#0"},
				"east": {"uv": [8.75, 2.5, 9.25, 4], "texture": "#0"},
				"south": {"uv": [8.75, 4, 9.25, 5.5], "texture": "#0"},
				"west": {"uv": [8.75, 8.25, 9.25, 9.75], "texture": "#0"},
				"up": {"uv": [8.25, 10.5, 7.75, 10], "texture": "#0"},
				"down": {"uv": [8.75, 10, 8.25, 10.5], "texture": "#0"}
			}
		},
		{
			"from": [3.04539, 20.16478, -1.27164],
			"to": [10.04539, 22.16478, 5.72836],
			"rotation": {"angle": 0, "axis": "y", "origin": [1.54539, 20.16478, 4.22836]},
			"faces": {
				"north": {"uv": [2, 8.5, 3.75, 9], "texture": "#0"},
				"east": {"uv": [8.5, 5.75, 10.25, 6.25], "texture": "#0"},
				"south": {"uv": [8.5, 6.25, 10.25, 6.75], "texture": "#0"},
				"west": {"uv": [8.5, 6.75, 10.25, 7.25], "texture": "#0"},
				"up": {"uv": [7.25, 5.75, 5.5, 4], "texture": "#0"},
				"down": {"uv": [7.25, 5.75, 5.5, 7.5], "texture": "#0"}
			}
		},
		{
			"from": [4.54539, 22.16478, 0.22836],
			"to": [8.54539, 27.16478, 4.22836],
			"rotation": {"angle": 0, "axis": "y", "origin": [1.54539, 20.16478, 4.22836]},
			"faces": {
				"north": {"uv": [2.5, 6, 3.5, 7.25], "texture": "#0"},
				"east": {"uv": [3.5, 6, 4.5, 7.25], "texture": "#0"},
				"south": {"uv": [4.5, 6, 5.5, 7.25], "texture": "#0"},
				"west": {"uv": [0, 7, 1, 8.25], "texture": "#0"},
				"up": {"uv": [8.75, 1, 7.75, 0], "texture": "#0"},
				"down": {"uv": [8.75, 1, 7.75, 2], "texture": "#0"}
			}
		},
		{
			"from": [4.54539, 9.91478, 6.22836],
			"to": [7.54539, 12.91478, 9.22836],
			"rotation": {"angle": 0, "axis": "y", "origin": [1.54539, 20.16478, 4.22836]},
			"faces": {
				"north": {"uv": [7, 9, 7.75, 9.75], "texture": "#0"},
				"east": {"uv": [9.25, 1, 10, 1.75], "texture": "#0"},
				"south": {"uv": [9.25, 1.75, 10, 2.5], "texture": "#0"},
				"west": {"uv": [9.25, 2.5, 10, 3.25], "texture": "#0"},
				"up": {"uv": [10, 4, 9.25, 3.25], "texture": "#0"},
				"down": {"uv": [10, 4, 9.25, 4.75], "texture": "#0"}
			}
		},
		{
			"from": [5.04539, 22.16478, 4.72836],
			"to": [12.04539, 24.16478, 11.72836],
			"rotation": {"angle": 22.5, "axis": "z", "origin": [1.54539, 20.16478, 4.22836]},
			"faces": {
				"north": {"uv": [8.5, 7.25, 10.25, 7.75], "texture": "#0"},
				"east": {"uv": [8.5, 7.75, 10.25, 8.25], "texture": "#0"},
				"south": {"uv": [8.75, 0, 10.5, 0.5], "texture": "#0"},
				"west": {"uv": [8.75, 0.5, 10.5, 1], "texture": "#0"},
				"up": {"uv": [7.75, 1.75, 6, 0], "texture": "#0"},
				"down": {"uv": [7.75, 1.75, 6, 3.5], "texture": "#0"}
			}
		},
		{
			"from": [6.54539, 24.16478, 6.22836],
			"to": [10.54539, 29.16478, 10.22836],
			"rotation": {"angle": 22.5, "axis": "z", "origin": [1.54539, 20.16478, 4.22836]},
			"faces": {
				"north": {"uv": [1, 7, 2, 8.25], "texture": "#0"},
				"east": {"uv": [2, 7.25, 3, 8.5], "texture": "#0"},
				"south": {"uv": [3, 7.25, 4, 8.5], "texture": "#0"},
				"west": {"uv": [7.25, 3.5, 8.25, 4.75], "texture": "#0"},
				"up": {"uv": [8.75, 3, 7.75, 2], "texture": "#0"},
				"down": {"uv": [8.75, 4.75, 7.75, 5.75], "texture": "#0"}
			}
		},
		{
			"from": [2, 1.91667, 0.98333],
			"to": [14, 9.91667, 10.98333],
			"rotation": {"angle": 0, "axis": "y", "origin": [8, 8.91667, 5.98333]},
			"faces": {
				"north": {"uv": [3, 0, 6, 2], "texture": "#0"},
				"east": {"uv": [3, 4, 5.5, 6], "texture": "#0"},
				"south": {"uv": [3, 2, 6, 4], "texture": "#0"},
				"west": {"uv": [0, 5, 2.5, 7], "texture": "#0"},
				"up": {"uv": [3, 2.5, 0, 0], "texture": "#0"},
				"down": {"uv": [3, 2.5, 0, 5], "texture": "#0"}
			}
		},
		{
			"from": [10, 5.91667, -0.01667],
			"to": [13, 8.91667, 0.98333],
			"rotation": {"angle": 0, "axis": "y", "origin": [8, 8.91667, 5.98333]},
			"faces": {
				"north": {"uv": [9.25, 4.75, 10, 5.5], "texture": "#0"},
				"east": {"uv": [7, 7.5, 7.25, 8.25], "texture": "#0"},
				"south": {"uv": [9.25, 8.25, 10, 9], "texture": "#0"},
				"west": {"uv": [7, 8.25, 7.25, 9], "texture": "#0"},
				"up": {"uv": [9.5, 5.75, 8.75, 5.5], "texture": "#0"},
				"down": {"uv": [10.25, 5.5, 9.5, 5.75], "texture": "#0"}
			}
		},
		{
			"from": [3, 5.91667, -0.01667],
			"to": [6, 8.91667, 0.98333],
			"rotation": {"angle": 0, "axis": "y", "origin": [8, 8.91667, 5.98333]},
			"faces": {
				"north": {"uv": [0.75, 9.5, 1.5, 10.25], "texture": "#0"},
				"east": {"uv": [10, 8.25, 10.25, 9], "texture": "#0"},
				"south": {"uv": [4, 9.5, 4.75, 10.25], "texture": "#0"},
				"west": {"uv": [10, 9, 10.25, 9.75], "texture": "#0"},
				"up": {"uv": [0.75, 10.5, 0, 10.25], "texture": "#0"},
				"down": {"uv": [1.5, 10.25, 0.75, 10.5], "texture": "#0"}
			}
		},
		{
			"from": [10, -0.08333, 4.98333],
			"to": [12, 2.91667, 7.98333],
			"rotation": {"angle": 0, "axis": "y", "origin": [0, 8.91667, -0.01667]},
			"faces": {
				"north": {"uv": [6.75, 9.75, 7.25, 10.5], "texture": "#0"},
				"east": {"uv": [9.25, 9, 10, 9.75], "texture": "#0"},
				"south": {"uv": [7.25, 9.75, 7.75, 10.5], "texture": "#0"},
				"west": {"uv": [0, 9.5, 0.75, 10.25], "texture": "#0"},
				"up": {"uv": [9.25, 10.5, 8.75, 9.75], "texture": "#0"},
				"down": {"uv": [9.75, 9.75, 9.25, 10.5], "texture": "#0"}
			}
		},
		{
			"from": [4, -0.08333, 4.98333],
			"to": [6, 2.91667, 7.98333],
			"rotation": {"angle": 0, "axis": "y", "origin": [0, 8.91667, -0.01667]},
			"faces": {
				"north": {"uv": [1.5, 10, 2, 10.75], "texture": "#0"},
				"east": {"uv": [4.75, 9.5, 5.5, 10.25], "texture": "#0"},
				"south": {"uv": [10, 1.75, 10.5, 2.5], "texture": "#0"},
				"west": {"uv": [5.5, 9.5, 6.25, 10.25], "texture": "#0"},
				"up": {"uv": [10.5, 3.25, 10, 2.5], "texture": "#0"},
				"down": {"uv": [10.5, 3.25, 10, 4], "texture": "#0"}
			}
		},
		{
			"from": [13, 1.91667, 4.98333],
			"to": [15, 6.91667, 7.98333],
			"rotation": {"angle": 0, "axis": "y", "origin": [-1, 8.91667, -0.01667]},
			"faces": {
				"north": {"uv": [2, 9, 2.5, 10.25], "texture": "#0"},
				"east": {"uv": [7.75, 5.75, 8.5, 7], "texture": "#0"},
				"south": {"uv": [2.5, 9, 3, 10.25], "texture": "#0"},
				"west": {"uv": [7.75, 7, 8.5, 8.25], "texture": "#0"},
				"up": {"uv": [3, 5.75, 2.5, 5], "texture": "#0"},
				"down": {"uv": [6.75, 9.5, 6.25, 10.25], "texture": "#0"}
			}
		},
		{
			"from": [1, 1.91667, 4.98333],
			"to": [3, 6.91667, 7.98333],
			"rotation": {"angle": 0, "axis": "y", "origin": [1, 8.91667, -0.01667]},
			"faces": {
				"north": {"uv": [3, 9, 3.5, 10.25], "texture": "#0"},
				"east": {"uv": [0, 8.25, 0.75, 9.5], "texture": "#0"},
				"south": {"uv": [3.5, 9, 4, 10.25], "texture": "#0"},
				"west": {"uv": [0.75, 8.25, 1.5, 9.5], "texture": "#0"},
				"up": {"uv": [10.25, 10.5, 9.75, 9.75], "texture": "#0"},
				"down": {"uv": [10.5, 1, 10, 1.75], "texture": "#0"}
			}
		}
	],
	"display": {
		"gui": {
			"rotation": [-15, -180, -10],
			"translation": [0, -1.75, 0],
			"scale": [0.7, 0.7, 0.7]
		}
	},
	"groups": [
		{
			"name": "h_bulb",
			"origin": [0, 3.91667, 0.98333],
			"color": 0,
			"children": [
				{
					"name": "h_shroom",
					"origin": [-0.27279, 10.0562, 0.14273],
					"color": 0,
					"children": [0, 1, 2, 3, 4, 5, 6, 7, 8, 9]
				},
				10,
				11,
				12,
				{
					"name": "right_leg",
					"origin": [3, 2.91667, -0.01667],
					"rotation": [-10, 0, 0],
					"color": 0,
					"children": [13]
				},
				{
					"name": "left_leg",
					"origin": [-3, 2.91667, -0.01667],
					"rotation": [-10, 0, 0],
					"color": 0,
					"children": [14]
				},
				{
					"name": "h_right_arm",
					"origin": [6, 6.91667, 0.48333],
					"rotation": [-15, 0, 30],
					"color": 0,
					"children": [15]
				},
				{
					"name": "h_left_arm",
					"origin": [-6, 6.91667, 0.48333],
					"rotation": [-15, 0, -30],
					"color": 0,
					"children": [16]
				}
			]
		}
	]
}