{"credit":"Made with Blockbench","textures":{"0":"custom/cosmetics/owlsdev/back_pack","particle":"custom/cosmetics/owlsdev/back_pack"},"elements":[{"from":[3,0,4],"to":[13,12,10],"faces":{"north":{"uv":[0,9,5,15],"texture":"#0","tintindex":0},"east":{"uv":[5,0,8,6],"texture":"#0","tintindex":0},"south":{"uv":[0,0,5,6],"texture":"#0","tintindex":0},"west":{"uv":[8,0,5,6],"texture":"#0","tintindex":0},"up":{"uv":[0,6,5,9],"texture":"#0","tintindex":0},"down":{"uv":[5,6,10,9],"texture":"#0","tintindex":0}}},{"from":[4,2,0],"to":[12,11,4],"faces":{"north":{"uv":[10,9.5,14,14],"texture":"#0","tintindex":0},"east":{"uv":[5,10,7,14.5],"texture":"#0","tintindex":0},"west":{"uv":[7,10,5,14.5],"texture":"#0","tintindex":0},"up":{"uv":[10,7.5,14,9.5],"rotation":180,"texture":"#0","tintindex":0},"down":{"uv":[10,14,14,16],"rotation":180,"texture":"#0","tintindex":0}}},{"from":[12,11,4],"to":[4,2,0],"faces":{"east":{"uv":[5,10,7,14.5],"rotation":180,"texture":"#0","tintindex":0},"south":{"uv":[10,9.5,14,14],"rotation":180,"texture":"#0","tintindex":0},"west":{"uv":[7,10,5,14.5],"rotation":180,"texture":"#0","tintindex":0},"up":{"uv":[10,14,14,16],"rotation":180,"texture":"#0","tintindex":0},"down":{"uv":[10,7.5,14,9.5],"rotation":180,"texture":"#0","tintindex":0}}},{"from":[2.75,-0.25,3.75],"to":[13.25,12.25,10.25],"faces":{"east":{"uv":[13,0,16,6],"texture":"#0"},"south":{"uv":[8,0,13,6],"texture":"#0"},"west":{"uv":[16,0,13,6],"texture":"#0"}}},{"from":[4,9,-0.1],"to":[6,10,-0.1],"faces":{"north":{"uv":[10,3.5,11,4],"texture":"#0"},"south":{"uv":[10,3.5,11,4],"texture":"#0"}}},{"from":[10,9,-0.1],"to":[12,10,-0.1],"faces":{"north":{"uv":[10,3.5,11,4],"texture":"#0"},"south":{"uv":[10,3.5,11,4],"texture":"#0"}}}],"display":{"thirdperson_righthand":{"rotation":[90.0,0.0,0.0],"translation":[-1.0,-7.0,19.006248],"scale":[1.0,1.0,1.0]},"thirdperson_lefthand":{"rotation":[43,167,0],"translation":[0.25,0.75,-0.5],"scale":[0.4,0.4,0.4]},"firstperson_righthand":{"rotation":[0,-54,0],"translation":[1.5,0,-2.25]},"firstperson_lefthand":{"rotation":[0,-54,0],"translation":[1.5,0,-2.25]},"gui":{"rotation":[30,-45,0],"translation":[-1.5,1.25,0],"scale":[0.96,0.96,0.96]},"head":{"translation":[0,-45.75,8],"scale":[1.6,1.6,1.6]},"fixed":{"rotation":[-90,0,0],"translation":[0,3,-16],"scale":[2,2,2]}},"groups":[0,1,2,{"name":"group","origin":[8,8,8],"children":[3,4,5]}]}