{"credit":"Made with Blockbench","texture_size":[64,64],"textures":{"0":"custom/cosmetics/owlsdev/bunny_balloon","particle":"custom/cosmetics/owlsdev/bunny_balloon"},"elements":[{"from":[0,0,0],"to":[16,15,16],"faces":{"north":{"uv":[0,0,4,3.75],"texture":"#0","tintindex":0},"east":{"uv":[8,0,4,3.75],"texture":"#0","tintindex":0},"south":{"uv":[8,0,12,3.75],"texture":"#0","tintindex":0},"west":{"uv":[4,0,8,3.75],"texture":"#0","tintindex":0},"up":{"uv":[0,4,4,8],"texture":"#0","tintindex":0},"down":{"uv":[4,4,8,8],"texture":"#0","tintindex":0}}},{"from":[0,0,0],"to":[16,15,16],"faces":{"north":{"uv":[1.25,8,5.25,11.75],"texture":"#0"},"east":{"uv":[9.25,8,5.25,11.75],"texture":"#0"},"west":{"uv":[5.25,8,9.25,11.75],"texture":"#0"}}},{"from":[3,0,-3],"to":[13,6,0],"faces":{"north":{"uv":[0,12.75,2.5,14.25],"texture":"#0"},"east":{"uv":[3.25,12.75,2.5,14.25],"texture":"#0"},"south":{"uv":[0,0,2.5,1.5],"texture":"#missing"},"west":{"uv":[2.5,12.75,3.25,14.25],"texture":"#0"},"up":{"uv":[0,12,2.5,12.75],"rotation":180,"texture":"#0"},"down":{"uv":[3,13.5,3.25,14.25],"rotation":180,"texture":"#0"}}},{"from":[1,14,6.5],"to":[6,30,9.5],"rotation":{"angle":22.5,"axis":"z","origin":[3.5,15,8]},"faces":{"north":{"uv":[0,8,1.25,12],"texture":"#0"}}},{"from":[1,14,6.5],"to":[6,30,9.5],"rotation":{"angle":22.5,"axis":"z","origin":[3.5,15,8]},"faces":{"north":{"uv":[13.25,0,14.5,4],"texture":"#0","tintindex":0},"east":{"uv":[14.5,0,15.25,4],"texture":"#0","tintindex":0},"south":{"uv":[12,0,13.25,4],"texture":"#0","tintindex":0},"west":{"uv":[14.5,0,15.25,4],"texture":"#0","tintindex":0},"up":{"uv":[9.5,4,10.75,4.75],"texture":"#0","tintindex":0},"down":{"uv":[14.5,2.75,15.25,4],"rotation":90,"texture":"#0","tintindex":0}}},{"from":[10,14,6.5],"to":[15,30,9.5],"rotation":{"angle":-22.5,"axis":"z","origin":[12.5,15,8]},"faces":{"north":{"uv":[1.25,8,0,12],"texture":"#0"}}},{"from":[10,14,6.5],"to":[15,30,9.5],"rotation":{"angle":-22.5,"axis":"z","origin":[12.5,15,8]},"faces":{"north":{"uv":[14.5,0,13.25,4],"texture":"#0","tintindex":0},"east":{"uv":[15.25,0,14.5,4],"texture":"#0","tintindex":0},"south":{"uv":[13.25,0,12,4],"texture":"#0","tintindex":0},"west":{"uv":[15.25,0,14.5,4],"texture":"#0","tintindex":0},"up":{"uv":[10.75,4,9.5,4.75],"texture":"#0","tintindex":0},"down":{"uv":[14.5,4,15.25,2.75],"rotation":90,"texture":"#0","tintindex":0}}},{"from":[5,-2,5],"to":[11,-1,11],"faces":{"north":{"uv":[8,5.25,9.5,5.5],"texture":"#0","tintindex":0},"east":{"uv":[8,5.25,9.5,5.5],"texture":"#0","tintindex":0},"south":{"uv":[8,5.25,9.5,5.5],"texture":"#0","tintindex":0},"west":{"uv":[8,5.25,9.5,5.5],"texture":"#0","tintindex":0},"up":{"uv":[8,4,9.5,5.5],"texture":"#0","tintindex":0},"down":{"uv":[8,4,9.5,5.5],"texture":"#0","tintindex":0}}},{"from":[6,-1,8],"to":[10,0,8],"rotation":{"angle":45,"axis":"y","origin":[8,-0.5,8]},"faces":{"north":{"uv":[9.5,4.75,10,5],"texture":"#0"},"south":{"uv":[9.5,4.75,10,5],"texture":"#0"}}},{"from":[6,-1,8],"to":[10,0,8],"rotation":{"angle":-45,"axis":"y","origin":[8,-0.5,8]},"faces":{"north":{"uv":[9.5,4.75,10,5],"texture":"#0"},"south":{"uv":[9.5,4.75,10,5],"texture":"#0"}}}],"display":{"gui":{"rotation":[30,135,0],"translation":[0,-1.75,0],"scale":[0.41,0.41,0.41]},"head":{"translation":[0,10.75,0],"scale":[2.2857,2.2857,2.2857]}},"groups":[0,1,2,{"name":"group","origin":[0,0,0],"color":0,"children":[3,4]},{"name":"group","origin":[0,0,0],"color":0,"children":[5,6]},7,8,9]}