{
	"credit": "Made with Blockbench",
	"textures": {
		"0": "custom/cosmetics/owlsdev/cat_ears_hat",
		"particle": "custom/cosmetics/owlsdev/cat_ears_hat"
	},
	"elements": [
		{
			"from": [10, 0, 3.5],
			"to": [10.9, 1.25, 5.5],
			"rotation": {"angle": 0, "axis": "y", "origin": [0, 0, 0.5]},
			"faces": {
				"north": {"uv": [11, 9, 12, 10], "texture": "#0"},
				"east": {"uv": [7, 6, 9, 7], "texture": "#0"},
				"south": {"uv": [10, 11, 11, 12], "texture": "#0"},
				"west": {"uv": [7, 7, 9, 8], "texture": "#0"},
				"up": {"uv": [9, 2, 8, 0], "texture": "#0"},
				"down": {"uv": [3, 8, 2, 10], "texture": "#0"}
			}
		},
		{
			"from": [10, 1.3, 3.5],
			"to": [10.9, 3.1, 5.5],
			"rotation": {"angle": 22.5, "axis": "z", "origin": [11, 1.3, 3.5]},
			"faces": {
				"north": {"uv": [3, 8, 4, 10], "texture": "#0"},
				"east": {"uv": [0, 0, 2, 2], "texture": "#0"},
				"south": {"uv": [9, 3, 10, 5], "texture": "#0"},
				"west": {"uv": [0, 2, 2, 4], "texture": "#0"},
				"up": {"uv": [5, 11, 4, 9], "texture": "#0"},
				"down": {"uv": [6, 9, 5, 11], "texture": "#0"}
			}
		},
		{
			"from": [10, 3.1, 4.3],
			"to": [10.9, 4.05, 5.5],
			"rotation": {"angle": 22.5, "axis": "z", "origin": [11, 1.3, 3.5]},
			"faces": {
				"north": {"uv": [1, 12, 2, 13], "texture": "#0"},
				"east": {"uv": [12, 1, 13, 2], "texture": "#0"},
				"south": {"uv": [12, 2, 13, 3], "texture": "#0"},
				"west": {"uv": [12, 3, 13, 4], "texture": "#0"},
				"up": {"uv": [13, 5, 12, 4], "texture": "#0"},
				"down": {"uv": [13, 5, 12, 6], "texture": "#0"}
			}
		},
		{
			"from": [9, 0, 2.5],
			"to": [10.5, 1.35, 3.5],
			"rotation": {"angle": 0, "axis": "y", "origin": [0, 0, 0.5]},
			"faces": {
				"north": {"uv": [8, 2, 10, 3], "texture": "#0"},
				"east": {"uv": [11, 10, 12, 11], "texture": "#0"},
				"south": {"uv": [7, 8, 9, 9], "texture": "#0"},
				"west": {"uv": [11, 11, 12, 12], "texture": "#0"},
				"up": {"uv": [11, 1, 9, 0], "texture": "#0"},
				"down": {"uv": [11, 1, 9, 2], "texture": "#0"}
			}
		},
		{
			"from": [9, 1.3, 2.5],
			"to": [10.25, 2.8, 3.5],
			"rotation": {"angle": 22.5, "axis": "x", "origin": [9.5, 1.3, 2.5]},
			"faces": {
				"north": {"uv": [9, 5, 10, 7], "texture": "#0"},
				"east": {"uv": [6, 9, 7, 11], "texture": "#0"},
				"south": {"uv": [7, 9, 8, 11], "texture": "#0"},
				"west": {"uv": [9, 7, 10, 9], "texture": "#0"},
				"up": {"uv": [13, 7, 12, 6], "texture": "#0"},
				"down": {"uv": [13, 7, 12, 8], "texture": "#0"}
			}
		},
		{
			"from": [9, 2.67696, 3.08143],
			"to": [10, 5.72696, 4.08143],
			"rotation": {"angle": 45, "axis": "x", "origin": [9.5, 2.7, 3.1]},
			"faces": {
				"north": {"uv": [3, 4, 4, 7], "texture": "#0"},
				"east": {"uv": [4, 3, 5, 6], "texture": "#0"},
				"south": {"uv": [5, 0, 6, 3], "texture": "#0"},
				"west": {"uv": [5, 3, 6, 6], "texture": "#0"},
				"up": {"uv": [9, 13, 8, 12], "texture": "#0"},
				"down": {"uv": [13, 8, 12, 9], "texture": "#0"}
			}
		},
		{
			"from": [9, 0, 5.5],
			"to": [10.25, 2.7, 6.5],
			"rotation": {"angle": 0, "axis": "y", "origin": [0, 0, 0.5]},
			"faces": {
				"north": {"uv": [0, 4, 1, 7], "texture": "#0"},
				"east": {"uv": [4, 0, 5, 3], "texture": "#0"},
				"south": {"uv": [1, 4, 2, 7], "texture": "#0"},
				"west": {"uv": [2, 4, 3, 7], "texture": "#0"},
				"up": {"uv": [1, 13, 0, 12], "texture": "#0"},
				"down": {"uv": [13, 0, 12, 1], "texture": "#0"}
			}
		},
		{
			"from": [9, 2.65, 5.51],
			"to": [10, 4.3, 6.51],
			"rotation": {"angle": -22.5, "axis": "x", "origin": [9.5, 2.65, 6.5]},
			"faces": {
				"north": {"uv": [8, 9, 9, 11], "texture": "#0"},
				"east": {"uv": [9, 9, 10, 11], "texture": "#0"},
				"south": {"uv": [0, 10, 1, 12], "texture": "#0"},
				"west": {"uv": [1, 10, 2, 12], "texture": "#0"},
				"up": {"uv": [10, 13, 9, 12], "texture": "#0"},
				"down": {"uv": [13, 9, 12, 10], "texture": "#0"}
			}
		},
		{
			"from": [9, 2.65, 9.49],
			"to": [10, 4.3, 10.49],
			"rotation": {"angle": 22.5, "axis": "x", "origin": [9.5, 2.65, 9.5]},
			"faces": {
				"north": {"uv": [11, 5, 12, 7], "texture": "#0"},
				"east": {"uv": [6, 11, 7, 13], "texture": "#0"},
				"south": {"uv": [7, 11, 8, 13], "texture": "#0"},
				"west": {"uv": [11, 7, 12, 9], "texture": "#0"},
				"up": {"uv": [14, 5, 13, 4], "texture": "#0"},
				"down": {"uv": [6, 13, 5, 14], "texture": "#0"}
			}
		},
		{
			"from": [9, 2.67696, 11.91857],
			"to": [10, 5.72696, 12.91857],
			"rotation": {"angle": -45, "axis": "x", "origin": [9.5, 2.7, 12.9]},
			"faces": {
				"north": {"uv": [6, 6, 7, 9], "texture": "#0"},
				"east": {"uv": [0, 7, 1, 10], "texture": "#0"},
				"south": {"uv": [7, 0, 8, 3], "texture": "#0"},
				"west": {"uv": [1, 7, 2, 10], "texture": "#0"},
				"up": {"uv": [14, 4, 13, 3], "texture": "#0"},
				"down": {"uv": [5, 13, 4, 14], "texture": "#0"}
			}
		},
		{
			"from": [9, 1.3, 12.5],
			"to": [10.25, 2.8, 13.5],
			"rotation": {"angle": -22.5, "axis": "x", "origin": [9.5, 1.3, 13.5]},
			"faces": {
				"north": {"uv": [3, 11, 4, 13], "texture": "#0"},
				"east": {"uv": [11, 3, 12, 5], "texture": "#0"},
				"south": {"uv": [4, 11, 5, 13], "texture": "#0"},
				"west": {"uv": [5, 11, 6, 13], "texture": "#0"},
				"up": {"uv": [14, 3, 13, 2], "texture": "#0"},
				"down": {"uv": [4, 13, 3, 14], "texture": "#0"}
			}
		},
		{
			"from": [10, 3.1, 10.5],
			"to": [10.9, 4.05, 11.7],
			"rotation": {"angle": 22.5, "axis": "z", "origin": [11, 1.3, 12.5]},
			"faces": {
				"north": {"uv": [12, 12, 13, 13], "texture": "#0"},
				"east": {"uv": [0, 13, 1, 14], "texture": "#0"},
				"south": {"uv": [13, 0, 14, 1], "texture": "#0"},
				"west": {"uv": [1, 13, 2, 14], "texture": "#0"},
				"up": {"uv": [14, 2, 13, 1], "texture": "#0"},
				"down": {"uv": [3, 13, 2, 14], "texture": "#0"}
			}
		},
		{
			"from": [10, 1.3, 10.5],
			"to": [10.9, 3.1, 12.5],
			"rotation": {"angle": 22.5, "axis": "z", "origin": [11, 1.3, 12.5]},
			"faces": {
				"north": {"uv": [10, 7, 11, 9], "texture": "#0"},
				"east": {"uv": [2, 0, 4, 2], "texture": "#0"},
				"south": {"uv": [10, 9, 11, 11], "texture": "#0"},
				"west": {"uv": [2, 2, 4, 4], "texture": "#0"},
				"up": {"uv": [12, 2, 11, 0], "texture": "#0"},
				"down": {"uv": [3, 11, 2, 13], "texture": "#0"}
			}
		},
		{
			"from": [9, 0, 9.5],
			"to": [10.25, 2.7, 10.5],
			"rotation": {"angle": 0, "axis": "y", "origin": [0, 0, 15.5]},
			"faces": {
				"north": {"uv": [6, 0, 7, 3], "texture": "#0"},
				"east": {"uv": [6, 3, 7, 6], "texture": "#0"},
				"south": {"uv": [4, 6, 5, 9], "texture": "#0"},
				"west": {"uv": [5, 6, 6, 9], "texture": "#0"},
				"up": {"uv": [12, 13, 11, 12], "texture": "#0"},
				"down": {"uv": [13, 11, 12, 12], "texture": "#0"}
			}
		},
		{
			"from": [9, 0, 12.5],
			"to": [10.5, 1.35, 13.5],
			"rotation": {"angle": 0, "axis": "y", "origin": [0, 0, 15.5]},
			"faces": {
				"north": {"uv": [2, 7, 4, 8], "texture": "#0"},
				"east": {"uv": [8, 11, 9, 12], "texture": "#0"},
				"south": {"uv": [7, 3, 9, 4], "texture": "#0"},
				"west": {"uv": [9, 11, 10, 12], "texture": "#0"},
				"up": {"uv": [9, 5, 7, 4], "texture": "#0"},
				"down": {"uv": [9, 5, 7, 6], "texture": "#0"}
			}
		},
		{
			"from": [10, 0, 10.5],
			"to": [10.9, 1.25, 12.5],
			"rotation": {"angle": 0, "axis": "y", "origin": [0, 0, 15.5]},
			"faces": {
				"north": {"uv": [10, 12, 11, 13], "texture": "#0"},
				"east": {"uv": [2, 10, 4, 11], "texture": "#0"},
				"south": {"uv": [12, 10, 13, 11], "texture": "#0"},
				"west": {"uv": [10, 2, 12, 3], "texture": "#0"},
				"up": {"uv": [11, 5, 10, 3], "texture": "#0"},
				"down": {"uv": [11, 5, 10, 7], "texture": "#0"}
			}
		}
	],
	"display": {
		"gui": {
			"rotation": [25, 55, -42],
			"translation": [2.5, 8, 0],
			"scale": [1.3, 1.3, 1.3]
		},
		"head": {
			"rotation": [0, -90, 0],
			"translation": [0, 14.75, -5.75],
			"scale": [1.15, 1.15, 1.15]
		}
	}
}