{
	"credit": "Made with Blockbench",
	"texture_size": [128, 128],
	"textures": {
		"0": "custom/cosmetics/owlsdev/dealwithit",
		"particle": "custom/cosmetics/owlsdev/dealwithit"
	},
	"elements": [
		{
			"from": [3, 0, 7],
			"to": [13, 2, 7],
			"faces": {
				"north": {"uv": [2.125, 6.875, 13.875, 9.125], "texture": "#0"},
				"east": {"uv": [0, 0, 0.125, 0.5], "texture": "#missing"},
				"south": {"uv": [13.875, 6.875, 2.125, 9.125], "texture": "#0"},
				"west": {"uv": [0, 0, 0.125, 0.5], "texture": "#missing"},
				"up": {"uv": [0, 0, 1.125, 0.125], "texture": "#missing"},
				"down": {"uv": [0, 0, 1.125, 0.125], "texture": "#missing"}
			}
		},
		{
			"from": [3, 1, 7],
			"to": [3, 2, 13],
			"faces": {
				"north": {"uv": [0, 0, 0, 0.25], "texture": "#missing"},
				"east": {"uv": [2.125, 5.25, 8.25, 5.75], "texture": "#0"},
				"south": {"uv": [0, 0, 0, 0.25], "texture": "#missing"},
				"west": {"uv": [8.25, 5.25, 2.125, 5.75], "texture": "#0"},
				"up": {"uv": [0, 0, 0, 0.75], "texture": "#missing"},
				"down": {"uv": [0, 0, 0, 0.75], "texture": "#missing"}
			}
		},
		{
			"from": [13, 1, 7],
			"to": [13, 2, 13],
			"faces": {
				"north": {"uv": [0, 0, 0, 0.25], "texture": "#missing"},
				"east": {"uv": [2.125, 5.25, 8.25, 5.75], "texture": "#0"},
				"south": {"uv": [0, 0, 0, 0.25], "texture": "#missing"},
				"west": {"uv": [8.25, 5.25, 2.125, 5.75], "texture": "#0"},
				"up": {"uv": [0, 0, 0, 0.75], "texture": "#missing"},
				"down": {"uv": [0, 0, 0, 0.75], "texture": "#missing"}
			}
		}
	],
	"display": {
		"thirdperson_righthand": {
			"translation": [0, 7, 0.5]
		},
		"thirdperson_lefthand": {
			"translation": [0, 4.75, 0.25]
		},
		"ground": {
			"translation": [0, 6.25, 0]
		},
		"gui": {
			"rotation": [-6, 36, -17],
			"translation": [1, 8, 0],
			"scale": [1.2, 1.2, 1]
		},
		"head": {
			"translation": [0, 8.75, -7],
			"scale": [1.5, 1.5, 1]
		},
		"fixed": {
			"translation": [0, 6.75, 0]
		}
	}
}