{
	"credit": "Made with Blockbench",
	"texture_size": [32, 32],
	"textures": {
		"1": "custom/cosmetics/owlsdev/lantern_fire",
		"2": "custom/cosmetics/owlsdev/lantern",
		"particle": "custom/cosmetics/owlsdev/lantern"
	},
	"elements": [
		{
			"from": [4, 1, 8],
			"to": [9, 2, 13],
			"rotation": {"angle": 0, "axis": "y", "origin": [6.5, 5, 10.5]},
			"faces": {
				"north": {"uv": [7.5, 1, 10, 1.5], "texture": "#2"},
				"east": {"uv": [1.5, 7.5, 4, 8], "texture": "#2"},
				"south": {"uv": [7.5, 1.5, 10, 2], "texture": "#2"},
				"west": {"uv": [7.5, 2, 10, 2.5], "texture": "#2"},
				"up": {"uv": [2.5, 2.5, 0, 0], "texture": "#2"},
				"down": {"uv": [2.5, 2.5, 0, 5], "texture": "#2"}
			}
		},
		{
			"from": [5, 8, 9],
			"to": [8, 9, 12],
			"rotation": {"angle": 0, "axis": "y", "origin": [6.5, 5, 10.5]},
			"faces": {
				"north": {"uv": [8, 7, 9.5, 7.5], "texture": "#2"},
				"east": {"uv": [8, 7.5, 9.5, 8], "texture": "#2"},
				"south": {"uv": [8, 8.5, 9.5, 9], "texture": "#2"},
				"west": {"uv": [9, 0, 10.5, 0.5], "texture": "#2"},
				"up": {"uv": [6.5, 6.5, 5, 5], "texture": "#2"},
				"down": {"uv": [6.5, 6.5, 5, 8], "texture": "#2"}
			}
		},
		{
			"from": [5, 2, 9],
			"to": [8, 3, 12],
			"rotation": {"angle": 0, "axis": "y", "origin": [6.5, 5, 10.5]},
			"faces": {
				"north": {"uv": [9, 0.5, 10.5, 1], "texture": "#2"},
				"east": {"uv": [8, 9, 9.5, 9.5], "texture": "#2"},
				"south": {"uv": [9, 8, 10.5, 8.5], "texture": "#2"},
				"west": {"uv": [9.5, 7, 11, 7.5], "texture": "#2"},
				"up": {"uv": [8, 6.5, 6.5, 5], "texture": "#2"},
				"down": {"uv": [8, 6.5, 6.5, 8], "texture": "#2"}
			}
		},
		{
			"from": [4, 8, 10.5],
			"to": [9, 12, 10.5],
			"rotation": {"angle": 0, "axis": "y", "origin": [6.5, 5, 10.5]},
			"faces": {
				"north": {"uv": [8.5, 14, 11, 16], "texture": "#2"},
				"east": {"uv": [0, 0, 0, 1], "texture": "#2"},
				"south": {"uv": [13.5, 14, 16, 16], "texture": "#2"},
				"west": {"uv": [0, 0, 0, 1], "texture": "#2"},
				"up": {"uv": [1.5, 0, 0, 0], "texture": "#2"},
				"down": {"uv": [1.5, 0, 0, 0], "texture": "#2"}
			}
		},
		{
			"from": [4, 7, 8],
			"to": [9, 8, 13],
			"rotation": {"angle": 0, "axis": "y", "origin": [6.5, 5, 10.5]},
			"faces": {
				"north": {"uv": [7.5, 2.5, 10, 3], "texture": "#2"},
				"east": {"uv": [7.5, 3, 10, 3.5], "texture": "#2"},
				"south": {"uv": [7.5, 3.5, 10, 4], "texture": "#2"},
				"west": {"uv": [7.5, 4, 10, 4.5], "texture": "#2"},
				"up": {"uv": [5, 2.5, 2.5, 0], "texture": "#2"},
				"down": {"uv": [5, 2.5, 2.5, 5], "texture": "#2"}
			}
		},
		{
			"from": [4, 2, 8],
			"to": [9, 3, 13],
			"rotation": {"angle": 0, "axis": "y", "origin": [6.5, 5, 10.5]},
			"faces": {
				"north": {"uv": [7.5, 4.5, 10, 5], "texture": "#2"},
				"east": {"uv": [1.5, 8, 4, 8.5], "texture": "#2"},
				"south": {"uv": [4, 8, 6.5, 8.5], "texture": "#2"},
				"west": {"uv": [8, 5, 10.5, 5.5], "texture": "#2"},
				"up": {"uv": [2.5, 7.5, 0, 5], "texture": "#2"},
				"down": {"uv": [7.5, 0, 5, 2.5], "texture": "#2"}
			}
		},
		{
			"from": [4, 6, 8],
			"to": [9, 7, 13],
			"rotation": {"angle": 0, "axis": "y", "origin": [6.5, 5, 10.5]},
			"faces": {
				"north": {"uv": [8, 5.5, 10.5, 6], "texture": "#2"},
				"east": {"uv": [8, 6, 10.5, 6.5], "texture": "#2"},
				"south": {"uv": [6.5, 8, 9, 8.5], "texture": "#2"},
				"west": {"uv": [8, 6.5, 10.5, 7], "texture": "#2"},
				"up": {"uv": [5, 7.5, 2.5, 5], "texture": "#2"},
				"down": {"uv": [7.5, 2.5, 5, 5], "texture": "#2"}
			}
		},
		{
			"from": [4.5, 2, 8.5],
			"to": [5.5, 7, 8.5],
			"rotation": {"angle": 0, "axis": "y", "origin": [6.5, 5, 10.5]},
			"faces": {
				"north": {"uv": [0, 8.5, 0.5, 11], "texture": "#2"},
				"east": {"uv": [0, 0, 0, 2.5], "texture": "#2"},
				"south": {"uv": [0.5, 8.5, 1, 11], "texture": "#2"},
				"west": {"uv": [0, 0, 0, 2.5], "texture": "#2"},
				"up": {"uv": [0.5, 0, 0, 0], "texture": "#2"},
				"down": {"uv": [0.5, 0, 0, 0], "texture": "#2"}
			}
		},
		{
			"from": [7.5, 2, 8.5],
			"to": [8.5, 7, 8.5],
			"rotation": {"angle": 0, "axis": "y", "origin": [6.5, 5, 10.5]},
			"faces": {
				"north": {"uv": [1, 8.5, 1.5, 11], "texture": "#2"},
				"east": {"uv": [0, 0, 0, 2.5], "texture": "#2"},
				"south": {"uv": [1.5, 8.5, 2, 11], "texture": "#2"},
				"west": {"uv": [0, 0, 0, 2.5], "texture": "#2"},
				"up": {"uv": [0.5, 0, 0, 0], "texture": "#2"},
				"down": {"uv": [0.5, 0, 0, 0], "texture": "#2"}
			}
		},
		{
			"from": [7.5, 2, 12.5],
			"to": [8.5, 7, 12.5],
			"rotation": {"angle": 0, "axis": "y", "origin": [6.5, 5, 10.5]},
			"faces": {
				"north": {"uv": [2, 8.5, 2.5, 11], "texture": "#2"},
				"east": {"uv": [0, 0, 0, 2.5], "texture": "#2"},
				"south": {"uv": [2.5, 8.5, 3, 11], "texture": "#2"},
				"west": {"uv": [0, 0, 0, 2.5], "texture": "#2"},
				"up": {"uv": [0.5, 0, 0, 0], "texture": "#2"},
				"down": {"uv": [0.5, 0, 0, 0], "texture": "#2"}
			}
		},
		{
			"from": [4.5, 2, 12.5],
			"to": [5.5, 7, 12.5],
			"rotation": {"angle": 0, "axis": "y", "origin": [6.5, 5, 10.5]},
			"faces": {
				"north": {"uv": [3, 8.5, 3.5, 11], "texture": "#2"},
				"east": {"uv": [0, 0, 0, 2.5], "texture": "#2"},
				"south": {"uv": [3.5, 8.5, 4, 11], "texture": "#2"},
				"west": {"uv": [0, 0, 0, 2.5], "texture": "#2"},
				"up": {"uv": [0.5, 0, 0, 0], "texture": "#2"},
				"down": {"uv": [0.5, 0, 0, 0], "texture": "#2"}
			}
		},
		{
			"from": [4.5, 2, 11.5],
			"to": [4.5, 7, 12.5],
			"rotation": {"angle": 0, "axis": "y", "origin": [6.5, 5, 10.5]},
			"faces": {
				"north": {"uv": [0, 0, 0, 2.5], "texture": "#2"},
				"east": {"uv": [4, 8.5, 4.5, 11], "texture": "#2"},
				"south": {"uv": [0, 0, 0, 2.5], "texture": "#2"},
				"west": {"uv": [4.5, 8.5, 5, 11], "texture": "#2"},
				"up": {"uv": [0, 0.5, 0, 0], "texture": "#2"},
				"down": {"uv": [0, 0, 0, 0.5], "texture": "#2"}
			}
		},
		{
			"from": [4.5, 2, 8.5],
			"to": [4.5, 7, 9.5],
			"rotation": {"angle": 0, "axis": "y", "origin": [6.5, 5, 10.5]},
			"faces": {
				"north": {"uv": [0, 0, 0, 2.5], "texture": "#2"},
				"east": {"uv": [5, 8.5, 5.5, 11], "texture": "#2"},
				"south": {"uv": [0, 0, 0, 2.5], "texture": "#2"},
				"west": {"uv": [5.5, 8.5, 6, 11], "texture": "#2"},
				"up": {"uv": [0, 0.5, 0, 0], "texture": "#2"},
				"down": {"uv": [0, 0, 0, 0.5], "texture": "#2"}
			}
		},
		{
			"from": [8.5, 2, 8.5],
			"to": [8.5, 7, 9.5],
			"rotation": {"angle": 0, "axis": "y", "origin": [6.5, 5, 10.5]},
			"faces": {
				"north": {"uv": [0, 0, 0, 2.5], "texture": "#2"},
				"east": {"uv": [6, 8.5, 6.5, 11], "texture": "#2"},
				"south": {"uv": [0, 0, 0, 2.5], "texture": "#2"},
				"west": {"uv": [6.5, 8.5, 7, 11], "texture": "#2"},
				"up": {"uv": [0, 0.5, 0, 0], "texture": "#2"},
				"down": {"uv": [0, 0, 0, 0.5], "texture": "#2"}
			}
		},
		{
			"from": [8.5, 2, 11.5],
			"to": [8.5, 7, 12.5],
			"rotation": {"angle": 0, "axis": "y", "origin": [6.5, 5, 10.5]},
			"faces": {
				"north": {"uv": [0, 0, 0, 2.5], "texture": "#2"},
				"east": {"uv": [7, 8.5, 7.5, 11], "texture": "#2"},
				"south": {"uv": [0, 0, 0, 2.5], "texture": "#2"},
				"west": {"uv": [7.5, 8.5, 8, 11], "texture": "#2"},
				"up": {"uv": [0, 0.5, 0, 0], "texture": "#2"},
				"down": {"uv": [0, 0, 0, 0.5], "texture": "#2"}
			}
		},
		{
			"from": [5, 3, 10.5],
			"to": [8, 7, 10.5],
			"rotation": {"angle": 45, "axis": "y", "origin": [6.5, 5, 10.5]},
			"faces": {
				"north": {"uv": [0, 0, 3, 4], "texture": "#1"},
				"east": {"uv": [0, 0, 0, 4], "texture": "#1"},
				"south": {"uv": [3, 0, 6, 4], "texture": "#1"},
				"west": {"uv": [0, 0, 0, 4], "texture": "#1"},
				"up": {"uv": [3, 0, 0, 0], "texture": "#1"},
				"down": {"uv": [3, 0, 0, 0], "texture": "#1"}
			}
		},
		{
			"from": [5, 3, 10.5],
			"to": [8, 7, 10.5],
			"rotation": {"angle": -45, "axis": "y", "origin": [6.5, 5, 10.5]},
			"faces": {
				"north": {"uv": [0, 4, 3, 8], "texture": "#1"},
				"east": {"uv": [0, 0, 0, 4], "texture": "#1"},
				"south": {"uv": [3, 4, 6, 8], "texture": "#1"},
				"west": {"uv": [0, 0, 0, 4], "texture": "#1"},
				"up": {"uv": [3, 0, 0, 0], "texture": "#1"},
				"down": {"uv": [3, 0, 0, 0], "texture": "#1"}
			}
		}
	],
	"display": {
		"thirdperson_righthand": {
			"rotation": [67, 0, 0],
			"translation": [1.5, -0.75, -3.5]
		},
		"thirdperson_lefthand": {
			"rotation": [67, 0, 0],
			"translation": [-1.25, -0.75, -3.25]
		},
		"firstperson_lefthand": {
			"rotation": [128, -1, -1],
			"translation": [9.75, -4.75, 2.5],
			"scale": [0, 0, 0]
		},
		"ground": {
			"translation": [0, 5.25, 0]
		},
		"gui": {
			"rotation": [12, -46, 0],
			"translation": [3.75, 2.25, 0],
			"scale": [1.3, 1.3, 1.3]
		},
		"head": {
			"translation": [2.25, 17, -4],
			"scale": [1.5, 1.5, 1.5]
		},
		"fixed": {
			"translation": [3, 2, -5.5],
			"scale": [1.5, 1.5, 1.5]
		}
	},
	"groups": [
		{
			"name": "group",
			"origin": [0, 0, 0],
			"color": 0,
			"children": [0, 1, 2, 3, 4, 5, 6, 7, 8, 9, 10, 11, 12, 13, 14]
		},
		15,
		16
	]
}