{
	"credit": "Made with Blockbench",
	"texture_size": [32, 32],
	"textures": {
		"1": "custom/cosmetics/owlsdev/light_saber_e",
		"2": "custom/cosmetics/owlsdev/light_saber",
		"particle": "custom/cosmetics/owlsdev/light_saber"
	},
	"elements": [
		{
			"from": [8, 1, 9],
			"to": [9, 26, 10],
			"shade": false,
			"faces": {
				"north": {"uv": [0, 0.5, 0.5, 12.5], "texture": "#2"},
				"east": {"uv": [0, 0.5, 0.5, 12.5], "texture": "#2"},
				"south": {"uv": [0, 0.5, 0.5, 12.5], "texture": "#2"},
				"west": {"uv": [0, 0.5, 0.5, 12.5], "texture": "#2"},
				"up": {"uv": [0, 0, 0.5, 0.5], "texture": "#2"}
			}
		},
		{
			"from": [7.5, -9, 8.5],
			"to": [9.5, 0, 10.5],
			"rotation": {"angle": 0, "axis": "y", "origin": [8.5, -4.5, 9.5]},
			"faces": {
				"north": {"uv": [2, 0.5, 3, 1], "texture": "#2"},
				"east": {"uv": [2.5, 0, 1.5, 4.5], "texture": "#2"},
				"south": {"uv": [2.5, 0, 3.5, 4.5], "texture": "#2"},
				"west": {"uv": [3.5, 0, 2.5, 4.5], "texture": "#2"},
				"up": {"uv": [1.5, 0, 2, 0.5], "rotation": 270, "texture": "#2"},
				"down": {"uv": [1.5, 4, 2, 4.5], "rotation": 90, "texture": "#2"}
			}
		},
		{
			"from": [8, 0, 9],
			"to": [9, 1, 10],
			"shade": false,
			"faces": {
				"north": {"uv": [0, 0, 0.5, 0.5], "texture": "#2", "tintindex": 0},
				"east": {"uv": [0, 0, 0.5, 0.5], "texture": "#2", "tintindex": 0},
				"south": {"uv": [0, 0, 0.5, 0.5], "texture": "#2", "tintindex": 0},
				"west": {"uv": [0, 0, 0.5, 0.5], "texture": "#2", "tintindex": 0},
				"down": {"uv": [0, 0, 0.5, 0.5], "texture": "#2", "tintindex": 0}
			}
		},
		{
			"from": [9.5, 26.5, 10.5],
			"to": [7.5, -0.5, 8.5],
			"shade": false,
			"faces": {
				"north": {"uv": [0.5, 0, 1, 14], "texture": "#1", "tintindex": 0},
				"east": {"uv": [0.5, 0, 1, 14], "texture": "#1", "tintindex": 0},
				"south": {"uv": [0.5, 0, 1, 14], "texture": "#1", "tintindex": 0},
				"west": {"uv": [0.5, 0, 1, 14], "texture": "#1", "tintindex": 0},
				"up": {"uv": [0.5, 0, 1, 0.5], "texture": "#missing", "tintindex": 0},
				"down": {"uv": [0.5, 0, 1, 0.5], "texture": "#1", "tintindex": 0}
			}
		},
		{
			"from": [10, 27, 11],
			"to": [7, -1, 8],
			"shade": false,
			"faces": {
				"north": {"uv": [1, 0, 1.5, 14], "texture": "#1", "tintindex": 0},
				"east": {"uv": [1, 0, 1.5, 14], "texture": "#1", "tintindex": 0},
				"south": {"uv": [1, 0, 1.5, 14], "texture": "#1", "tintindex": 0},
				"west": {"uv": [1, 0, 1.5, 14], "texture": "#1", "tintindex": 0},
				"down": {"uv": [1, 0, 1.5, 0.5], "texture": "#1", "tintindex": 0}
			}
		},
		{
			"from": [9.5, -0.2, 8.5],
			"to": [7.5, -2.2, 3.5],
			"shade": false,
			"faces": {
				"north": {"uv": [4.5, 2.5, 8, 4], "rotation": 270, "texture": "#1", "tintindex": 0},
				"east": {"uv": [0.5, 0, 1, 14], "rotation": 90, "texture": "#1", "tintindex": 0},
				"south": {"uv": [0.5, 0, 1, 0.5], "texture": "#1", "tintindex": 0},
				"west": {"uv": [0.5, 0, 1, 14], "rotation": 270, "texture": "#1", "tintindex": 0},
				"up": {"uv": [0.5, 0, 1, 14], "texture": "#1", "tintindex": 0},
				"down": {"uv": [0.5, 0, 1, 14], "rotation": 180, "texture": "#1", "tintindex": 0}
			}
		},
		{
			"from": [10, 0.3, 8],
			"to": [7, -2.7, 3],
			"shade": false,
			"faces": {
				"east": {"uv": [1, 0, 1.5, 14], "rotation": 90, "texture": "#1", "tintindex": 0},
				"south": {"uv": [1, 0, 1.5, 0.5], "texture": "#1", "tintindex": 0},
				"west": {"uv": [1, 0, 1.5, 14], "rotation": 270, "texture": "#1", "tintindex": 0},
				"up": {"uv": [1, 0, 1.5, 14], "texture": "#1", "tintindex": 0},
				"down": {"uv": [1, 0, 1.5, 14], "rotation": 180, "texture": "#1", "tintindex": 0}
			}
		},
		{
			"from": [8, -1.8, 7],
			"to": [9, -0.8, 8],
			"shade": false,
			"faces": {
				"east": {"uv": [0, 0, 0.5, 0.5], "rotation": 90, "texture": "#2", "tintindex": 0},
				"south": {"uv": [0, 0, 0.5, 0.5], "texture": "#1", "tintindex": 0},
				"west": {"uv": [0, 0, 0.5, 0.5], "rotation": 270, "texture": "#2", "tintindex": 0},
				"up": {"uv": [0, 0, 0.5, 0.5], "texture": "#2", "tintindex": 0},
				"down": {"uv": [0, 0, 0.5, 0.5], "rotation": 180, "texture": "#2", "tintindex": 0}
			}
		},
		{
			"from": [7.8, -2, 8],
			"to": [9.3, -0.5, 8.5],
			"faces": {
				"north": {"uv": [2.5, 0.5, 3.25, 0.75], "texture": "#2"},
				"east": {"uv": [1.5, 0.5, 3.25, 0.75], "texture": "#2"},
				"south": {"uv": [2, 0.5, 2.75, 0.75], "texture": "#2"},
				"west": {"uv": [2, 0.5, 2.25, 0.75], "texture": "#2"},
				"up": {"uv": [2, 0.5, 2.75, 0.75], "texture": "#2"},
				"down": {"uv": [2, 0.5, 2.75, 0.75], "texture": "#2"}
			}
		},
		{
			"from": [8, -1.8, 4],
			"to": [9, -0.8, 7],
			"shade": false,
			"faces": {
				"north": {"uv": [0, 0, 0.5, 0.5], "rotation": 180, "texture": "#2"},
				"east": {"uv": [0, 0.5, 0.5, 12.5], "rotation": 90, "texture": "#2"},
				"west": {"uv": [0, 0.5, 0.5, 12.5], "rotation": 270, "texture": "#2"},
				"up": {"uv": [0, 0.5, 0.5, 12.5], "texture": "#2"},
				"down": {"uv": [0, 0.5, 0.5, 12.5], "rotation": 180, "texture": "#2"}
			}
		},
		{
			"from": [9.5, -0.2, 15.5],
			"to": [7.5, -2.2, 10.5],
			"shade": false,
			"faces": {
				"north": {"uv": [0.5, 0, 1, 0.5], "texture": "#1", "tintindex": 0},
				"east": {"uv": [0.5, 0, 1, 14], "rotation": 270, "texture": "#1", "tintindex": 0},
				"south": {"uv": [3, 1, 5, 2.5], "rotation": 180, "texture": "#1", "tintindex": 0},
				"west": {"uv": [0.5, 0, 1, 14], "rotation": 90, "texture": "#1", "tintindex": 0},
				"up": {"uv": [0.5, 0, 1, 14], "rotation": 180, "texture": "#1", "tintindex": 0},
				"down": {"uv": [0.5, 0, 1, 14], "texture": "#1", "tintindex": 0}
			}
		},
		{
			"from": [10, 0.3, 16],
			"to": [7, -2.7, 11],
			"shade": false,
			"faces": {
				"north": {"uv": [1, 0, 1.5, 0.5], "texture": "#1", "tintindex": 0},
				"east": {"uv": [1, 0, 1.5, 14], "rotation": 270, "texture": "#1", "tintindex": 0},
				"west": {"uv": [1, 0, 1.5, 14], "rotation": 90, "texture": "#1", "tintindex": 0},
				"up": {"uv": [1, 0, 1.5, 14], "rotation": 180, "texture": "#1", "tintindex": 0},
				"down": {"uv": [1, 0, 1.5, 14], "texture": "#1", "tintindex": 0}
			}
		},
		{
			"from": [8, -1.8, 11],
			"to": [9, -0.8, 12],
			"shade": false,
			"faces": {
				"north": {"uv": [0, 0, 0.5, 0.5], "texture": "#1", "tintindex": 0},
				"east": {"uv": [0, 0, 0.5, 0.5], "rotation": 270, "texture": "#2", "tintindex": 0},
				"west": {"uv": [0, 0, 0.5, 0.5], "rotation": 90, "texture": "#2", "tintindex": 0},
				"up": {"uv": [0, 0, 0.5, 0.5], "rotation": 180, "texture": "#2", "tintindex": 0},
				"down": {"uv": [0, 0, 0.5, 0.5], "texture": "#2", "tintindex": 0}
			}
		},
		{
			"from": [7.7, -2, 10.5],
			"to": [9.2, -0.5, 11],
			"faces": {
				"north": {"uv": [2, 0.5, 2.75, 0.75], "texture": "#2"},
				"east": {"uv": [3, 1, 1.75, 0.75], "texture": "#2"},
				"south": {"uv": [2, 0.5, 2.75, 0.75], "texture": "#2"},
				"west": {"uv": [3, 0.5, 3.25, 0.75], "texture": "#2"},
				"up": {"uv": [2, 0.5, 2.75, 0.75], "rotation": 180, "texture": "#2"},
				"down": {"uv": [2, 0.5, 2.75, 0.75], "rotation": 270, "texture": "#2"}
			}
		},
		{
			"from": [8, -1.8, 12],
			"to": [9, -0.8, 15],
			"shade": false,
			"faces": {
				"east": {"uv": [0, 0.5, 0.5, 12.5], "rotation": 270, "texture": "#2"},
				"south": {"uv": [0, 0, 0.5, 0.5], "rotation": 180, "texture": "#2"},
				"west": {"uv": [0, 0.5, 0.5, 12.5], "rotation": 90, "texture": "#2"},
				"up": {"uv": [0, 0.5, 0.5, 12.5], "rotation": 180, "texture": "#2"},
				"down": {"uv": [0, 0.5, 0.5, 12.5], "texture": "#2"}
			}
		}
	],
	"display": {
		"thirdperson_righthand": {
			"rotation": [26, -90, -7],
			"translation": [0.96875, 10.04688, 7.28125],
			"scale": [0.9375, 0.9375, 0.9375]
		},
		"thirdperson_lefthand": {
			"rotation": [41, -90, 12],
			"translation": [1.5, 9, 8.25]
		},
		"firstperson_righthand": {
			"rotation": [-14, 0, 0],
			"translation": [24.75, -5, -12.5]
		},
		"firstperson_lefthand": {
			"rotation": [-14, 0, 0],
			"translation": [16, -3.25, -12.5],
			"scale": [0, 0, 0]
		},
		"gui": {
			"rotation": [54, -33, 54],
			"translation": [0.25, 0.25, 0],
			"scale": [0.55, 0.55, 0.55]
		}
	},
	"groups": [
		{
			"name": "group",
			"origin": [0, 0, 0],
			"color": 0,
			"children": [0, 1]
		},
		{
			"name": "group",
			"origin": [0, 0, 0],
			"color": 0,
			"children": [2, 3, 4]
		},
		{
			"name": "group",
			"origin": [0, 0, 0],
			"color": 0,
			"children": [5, 6, 7]
		},
		{
			"name": "group",
			"origin": [0, 0, 0],
			"color": 0,
			"children": [8, 9]
		},
		{
			"name": "group",
			"origin": [0, 0, 0],
			"color": 0,
			"children": [10, 11, 12]
		},
		{
			"name": "group",
			"origin": [0, 0, 0],
			"color": 0,
			"children": [13, 14]
		}
	]
}