{"credit":"Made with Blockbench","texture_size":[64,64],"textures":{"0":"custom/cosmetics/owlsdev/mushroom_cap","particle":"custom/cosmetics/owlsdev/mushroom_cap"},"elements":[{"from":[0,0,0],"to":[16,8,16],"faces":{"north":{"uv":[0,4,4,6],"texture":"#0","tintindex":0},"east":{"uv":[0,4,4,6],"texture":"#0","tintindex":0},"south":{"uv":[0,4,4,6],"texture":"#0","tintindex":0},"west":{"uv":[0,4,4,6],"texture":"#0","tintindex":0},"up":{"uv":[0,0,4,4],"texture":"#0","tintindex":0},"down":{"uv":[4,0,8,4],"texture":"#0","tintindex":0}}},{"from":[0,0,0],"to":[16,8,16],"faces":{"north":{"uv":[8,4,12,6],"texture":"#0"},"east":{"uv":[8,4,12,6],"texture":"#0"},"south":{"uv":[8,4,12,6],"texture":"#0"},"west":{"uv":[8,4,12,6],"texture":"#0"},"up":{"uv":[8,0,12,4],"texture":"#0"},"down":{"uv":[12,0,16,4],"texture":"#0"}}}],"display":{"gui":{"rotation":[-28,-29,-15],"translation":[0.5,1.75,1.75],"scale":[0.63,0.63,0.63]},"head":{"rotation":[16,0,0],"translation":[0,15.5,3.5],"scale":[1.61,1.61,1.61]},"thirdperson_righthand":{"rotation":[106.0,0,0],"translation":[-1.0,-4.1875,22.832031],"scale":[0.9433594,0.9433594,0.9433594]}}}