{
	"credit": "Made with Blockbench",
	"texture_size": [32, 32],
	"textures": {
		"2": "custom/cosmetics/owlsdev/mythical_blades",
		"particle": "custom/cosmetics/owlsdev/mythical_blades"
	},
	"elements": [
		{
			"name": "body",
			"from": [6.84, 2.48695, 7.71],
			"to": [9.16, 16.40695, 8.29],
			"rotation": {"angle": 0, "axis": "y", "origin": [8, 13.27495, 8]},
			"faces": {
				"north": {"uv": [6.5, 0, 5.5, 6], "texture": "#2"},
				"east": {"uv": [7.25, 6.5, 7, 12.5], "texture": "#2"},
				"south": {"uv": [6.5, 6.5, 5.5, 12.5], "texture": "#2"},
				"west": {"uv": [7.25, 0, 7, 6], "texture": "#2"},
				"up": {"uv": [9, 4.25, 10, 4], "texture": "#2"},
				"down": {"uv": [9, 5, 10, 5.25], "texture": "#2"}
			}
		},
		{
			"name": "body",
			"from": [7.42, -3.31305, 7.71],
			"to": [8.58, 2.48695, 8.29],
			"rotation": {"angle": 0, "axis": "y", "origin": [8, 13.27495, 8]},
			"faces": {
				"north": {"uv": [3.5, 8, 3, 10.5], "texture": "#2"},
				"east": {"uv": [9.25, 1, 9, 3.5], "texture": "#2"},
				"south": {"uv": [8.5, 3.5, 8, 6], "texture": "#2"},
				"west": {"uv": [4.25, 8, 4, 10.5], "texture": "#2"},
				"up": {"uv": [10, 3.25, 10.5, 3], "texture": "#2"},
				"down": {"uv": [10, 6, 10.5, 6.25], "texture": "#2"}
			}
		},
		{
			"name": "body",
			"from": [7.42, 17.56695, 7.42],
			"to": [8.58, 24.52695, 8.58],
			"rotation": {"angle": 0, "axis": "y", "origin": [8, 13.27495, 8]},
			"faces": {
				"north": {"uv": [0.5, 8, 0, 11], "texture": "#2"},
				"east": {"uv": [2.5, 8, 2, 11], "texture": "#2"},
				"south": {"uv": [1.5, 8, 1, 11], "texture": "#2"},
				"west": {"uv": [8.5, 0, 8, 3], "texture": "#2"},
				"up": {"uv": [10, 1.5, 10.5, 1], "texture": "#2"},
				"down": {"uv": [10, 2, 10.5, 2.5], "texture": "#2"}
			}
		},
		{
			"name": "body",
			"from": [6.26, 16.40695, 7.42],
			"to": [9.74, 17.56695, 8.58],
			"rotation": {"angle": 0, "axis": "y", "origin": [8, 13.27495, 8]},
			"faces": {
				"north": {"uv": [9.5, 7.5, 8, 8], "texture": "#2"},
				"east": {"uv": [9.5, 9.5, 9, 10], "texture": "#2"},
				"south": {"uv": [9.5, 7.5, 8, 8], "texture": "#2"},
				"west": {"uv": [8.5, 9.5, 8, 10], "texture": "#2"},
				"up": {"uv": [8, 9, 9.5, 8.5], "texture": "#2"},
				"down": {"uv": [9, 0, 10.5, 0.5], "texture": "#2"}
			}
		},
		{
			"name": "body",
			"from": [2.2, 15.24695, 8],
			"to": [13.8, 23.36695, 8],
			"rotation": {"angle": 0, "axis": "y", "origin": [8, 13.27495, 8]},
			"faces": {
				"north": {"uv": [0, 4, 5, 7.5], "texture": "#2"},
				"east": {"uv": [10, 7, 10, 10.5], "texture": "#2"},
				"south": {"uv": [5, 4, 0, 7.5], "texture": "#2"},
				"west": {"uv": [5, 8, 5, 11.5], "texture": "#2"},
				"up": {"uv": [10.5, 4, 15.5, 4], "texture": "#2"},
				"down": {"uv": [10.5, 4.5, 15.5, 4.5], "texture": "#2"}
			}
		},
		{
			"name": "body",
			"from": [18.49701, 8.48695, 7.71],
			"to": [20.81701, 22.40695, 8.29],
			"rotation": {"angle": 22.5, "axis": "z", "origin": [19.65701, 19.27495, 8]},
			"faces": {
				"north": {"uv": [6.5, 0, 5.5, 6], "texture": "#2"},
				"east": {"uv": [7.25, 6.5, 7, 12.5], "texture": "#2"},
				"south": {"uv": [6.5, 6.5, 5.5, 12.5], "texture": "#2"},
				"west": {"uv": [7.25, 0, 7, 6], "texture": "#2"},
				"up": {"uv": [9, 4.25, 10, 4], "texture": "#2"},
				"down": {"uv": [9, 5, 10, 5.25], "texture": "#2"}
			}
		},
		{
			"name": "body",
			"from": [19.07701, 2.68695, 7.71],
			"to": [20.23701, 8.48695, 8.29],
			"rotation": {"angle": 22.5, "axis": "z", "origin": [19.65701, 19.27495, 8]},
			"faces": {
				"north": {"uv": [3.5, 8, 3, 10.5], "texture": "#2"},
				"east": {"uv": [9.25, 1, 9, 3.5], "texture": "#2"},
				"south": {"uv": [8.5, 3.5, 8, 6], "texture": "#2"},
				"west": {"uv": [4.25, 8, 4, 10.5], "texture": "#2"},
				"up": {"uv": [10, 3.25, 10.5, 3], "texture": "#2"},
				"down": {"uv": [10, 6, 10.5, 6.25], "texture": "#2"}
			}
		},
		{
			"name": "body",
			"from": [19.07701, 23.56695, 7.42],
			"to": [20.23701, 30.52695, 8.58],
			"rotation": {"angle": 22.5, "axis": "z", "origin": [19.65701, 19.27495, 8]},
			"faces": {
				"north": {"uv": [0.5, 8, 0, 11], "texture": "#2"},
				"east": {"uv": [2.5, 8, 2, 11], "texture": "#2"},
				"south": {"uv": [1.5, 8, 1, 11], "texture": "#2"},
				"west": {"uv": [8.5, 0, 8, 3], "texture": "#2"},
				"up": {"uv": [10, 1.5, 10.5, 1], "texture": "#2"},
				"down": {"uv": [10, 2, 10.5, 2.5], "texture": "#2"}
			}
		},
		{
			"name": "body",
			"from": [17.91701, 22.40695, 7.42],
			"to": [21.39701, 23.56695, 8.58],
			"rotation": {"angle": 22.5, "axis": "z", "origin": [19.65701, 19.27495, 8]},
			"faces": {
				"north": {"uv": [9.5, 7.5, 8, 8], "texture": "#2"},
				"east": {"uv": [9.5, 9.5, 9, 10], "texture": "#2"},
				"south": {"uv": [9.5, 7.5, 8, 8], "texture": "#2"},
				"west": {"uv": [8.5, 9.5, 8, 10], "texture": "#2"},
				"up": {"uv": [8, 9, 9.5, 8.5], "texture": "#2"},
				"down": {"uv": [9, 0, 10.5, 0.5], "texture": "#2"}
			}
		},
		{
			"name": "body",
			"from": [13.85701, 21.24695, 8],
			"to": [25.45701, 29.36695, 8],
			"rotation": {"angle": 22.5, "axis": "z", "origin": [19.65701, 19.27495, 8]},
			"faces": {
				"north": {"uv": [0, 4, 5, 7.5], "texture": "#2"},
				"east": {"uv": [10, 7, 10, 10.5], "texture": "#2"},
				"south": {"uv": [5, 4, 0, 7.5], "texture": "#2"},
				"west": {"uv": [5, 8, 5, 11.5], "texture": "#2"},
				"up": {"uv": [10.5, 4, 15.5, 4], "texture": "#2"},
				"down": {"uv": [10.5, 4.5, 15.5, 4.5], "texture": "#2"}
			}
		},
		{
			"name": "body",
			"from": [-4.81701, 8.48695, 7.71],
			"to": [-2.49701, 22.40695, 8.29],
			"rotation": {"angle": -22.5, "axis": "z", "origin": [-3.65701, 19.27495, 8]},
			"faces": {
				"north": {"uv": [5.5, 0, 6.5, 6], "texture": "#2"},
				"east": {"uv": [7, 0, 7.25, 6], "texture": "#2"},
				"south": {"uv": [5.5, 6.5, 6.5, 12.5], "texture": "#2"},
				"west": {"uv": [7, 6.5, 7.25, 12.5], "texture": "#2"},
				"up": {"uv": [10, 4.25, 9, 4], "texture": "#2"},
				"down": {"uv": [10, 5, 9, 5.25], "texture": "#2"}
			}
		},
		{
			"name": "body",
			"from": [-4.23701, 2.68695, 7.71],
			"to": [-3.07701, 8.48695, 8.29],
			"rotation": {"angle": -22.5, "axis": "z", "origin": [-3.65701, 19.27495, 8]},
			"faces": {
				"north": {"uv": [3, 8, 3.5, 10.5], "texture": "#2"},
				"east": {"uv": [4, 8, 4.25, 10.5], "texture": "#2"},
				"south": {"uv": [8, 3.5, 8.5, 6], "texture": "#2"},
				"west": {"uv": [9, 1, 9.25, 3.5], "texture": "#2"},
				"up": {"uv": [10.5, 3.25, 10, 3], "texture": "#2"},
				"down": {"uv": [10.5, 6, 10, 6.25], "texture": "#2"}
			}
		},
		{
			"name": "body",
			"from": [-4.23701, 23.56695, 7.42],
			"to": [-3.07701, 30.52695, 8.58],
			"rotation": {"angle": -22.5, "axis": "z", "origin": [-3.65701, 19.27495, 8]},
			"faces": {
				"north": {"uv": [0, 8, 0.5, 11], "texture": "#2"},
				"east": {"uv": [8, 0, 8.5, 3], "texture": "#2"},
				"south": {"uv": [1, 8, 1.5, 11], "texture": "#2"},
				"west": {"uv": [2, 8, 2.5, 11], "texture": "#2"},
				"up": {"uv": [10.5, 1.5, 10, 1], "texture": "#2"},
				"down": {"uv": [10.5, 2, 10, 2.5], "texture": "#2"}
			}
		},
		{
			"name": "body",
			"from": [-5.39701, 22.40695, 7.42],
			"to": [-1.91701, 23.56695, 8.58],
			"rotation": {"angle": -22.5, "axis": "z", "origin": [-3.65701, 19.27495, 8]},
			"faces": {
				"north": {"uv": [8, 7.5, 9.5, 8], "texture": "#2"},
				"east": {"uv": [8, 9.5, 8.5, 10], "texture": "#2"},
				"south": {"uv": [8, 7.5, 9.5, 8], "texture": "#2"},
				"west": {"uv": [9, 9.5, 9.5, 10], "texture": "#2"},
				"up": {"uv": [9.5, 9, 8, 8.5], "texture": "#2"},
				"down": {"uv": [10.5, 0, 9, 0.5], "texture": "#2"}
			}
		},
		{
			"name": "body",
			"from": [-9.45701, 21.24695, 8],
			"to": [2.14299, 29.36695, 8],
			"rotation": {"angle": -22.5, "axis": "z", "origin": [-3.65701, 19.27495, 8]},
			"faces": {
				"north": {"uv": [5, 4, 0, 7.5], "texture": "#2"},
				"east": {"uv": [5, 8, 5, 11.5], "texture": "#2"},
				"south": {"uv": [0, 4, 5, 7.5], "texture": "#2"},
				"west": {"uv": [10, 7, 10, 10.5], "texture": "#2"},
				"up": {"uv": [15.5, 4, 10.5, 4], "texture": "#2"},
				"down": {"uv": [15.5, 4.5, 10.5, 4.5], "texture": "#2"}
			}
		}
	],
	"gui_light": "front",
	"display": {
		"thirdperson_righthand": {
			"translation": [0, -1.75, 0]
		},
		"thirdperson_lefthand": {
			"translation": [0, -1.75, 0]
		},
		"ground": {
			"translation": [0, 3.75, 0],
			"scale": [0.6, 0.6, 0.6]
		},
		"gui": {
			"rotation": [16, -180, 0],
			"translation": [0, -2.25, 0],
			"scale": [0.4, 0.4, 0.4]
		},
		"head": {
			"translation": [0, -53.5, 11],
			"scale": [2, 2, 2]
		},
		"fixed": {
			"translation": [-0.25, -3.25, -2],
			"scale": [0.6, 0.6, 0.6]
		}
	},
	"groups": [
		{
			"name": "blades",
			"origin": [0, 22, 0],
			"color": 0,
			"children": [
				{
					"name": "mid",
					"origin": [0, 18.27495, 0],
					"color": 0,
					"children": [0, 1, 2, 3, 4]
				},
				{
					"name": "right",
					"origin": [11.65701, 24.27495, 0],
					"color": 0,
					"children": [5, 6, 7, 8, 9]
				},
				{
					"name": "left",
					"origin": [-11.65701, 24.27495, 0],
					"color": 0,
					"children": [10, 11, 12, 13, 14]
				}
			]
		}
	]
}