{"credit":"Made with Blockbench","textures":{"0":"custom/cosmetics/owlsdev/pirate_chest","particle":"custom/cosmetics/owlsdev/pirate_chest"},"elements":[{"from":[0,0,4],"to":[16,5,12],"rotation":{"angle":0,"axis":"y","origin":[8,5,12]},"faces":{"north":{"uv":[8,4,16,6.5],"texture":"#0"},"east":{"uv":[10,9.5,14,12],"texture":"#0"},"south":{"uv":[0,7,8,9.5],"texture":"#0"},"west":{"uv":[10,9.5,14,12],"texture":"#0"},"up":{"uv":[8,0,16,4],"rotation":180,"texture":"#0"},"down":{"uv":[0,9.5,8,13.5],"texture":"#0"}}},{"from":[0,5,4],"to":[16,11,12],"rotation":{"angle":22.5,"axis":"x","origin":[8,5,12]},"faces":{"north":{"uv":[0,4,8,7],"texture":"#0"},"east":{"uv":[10,6.5,14,9.5],"texture":"#0"},"south":{"uv":[0,4,8,7],"texture":"#0"},"west":{"uv":[10,6.5,14,9.5],"texture":"#0"},"up":{"uv":[0,0,8,4],"texture":"#0"},"down":{"uv":[0,9.5,8,13.5],"texture":"#0"}}},{"from":[6,4,3],"to":[10,7,4],"rotation":{"angle":22.5,"axis":"x","origin":[8,5,12]},"faces":{"north":{"uv":[8,6.5,10,8],"texture":"#0"},"east":{"uv":[8,6.5,8.5,8],"texture":"#0"},"south":{"uv":[8,6.5,10,8],"texture":"#0"},"west":{"uv":[8,6.5,8.5,8],"texture":"#0"},"up":{"uv":[8,7.5,10,8],"texture":"#0"},"down":{"uv":[8,6.5,10,7],"texture":"#0"}}},{"from":[0,-8,10],"to":[16,0,10],"faces":{"north":{"uv":[8,12,16,16],"texture":"#0"},"south":{"uv":[8,12,16,16],"texture":"#0"}}},{"from":[3,-3,4],"to":[4,0,4],"faces":{"north":{"uv":[15,6.5,15.5,8],"texture":"#0"},"south":{"uv":[15,6.5,15.5,8],"texture":"#0"}}}],"display":{"thirdperson_righthand":{"rotation":[90.0,180,0],"translation":[-1.0,-8.09375,17.599998],"scale":[1.00625,1.00625,1.00625]},"thirdperson_lefthand":{"rotation":[50,-22,0],"translation":[0.25,0.75,-0.25],"scale":[0.4,0.4,0.4]},"firstperson_righthand":{"rotation":[0,130,0],"translation":[11,0,-6.75]},"firstperson_lefthand":{"rotation":[0,130,0],"translation":[11,0,-6.75]},"ground":{"translation":[0,6.75,0],"scale":[0.4,0.4,0.4]},"gui":{"rotation":[30,135,0],"translation":[-0.5,2.25,0],"scale":[0.76,0.76,0.76]},"head":{"rotation":[0,180,0],"translation":[0,-48,9.75],"scale":[1.61,1.61,1.61]},"fixed":{"rotation":[-90,0,0],"translation":[0,0,-16],"scale":[2,2,2]}},"groups":[{"name":"group","origin":[8,8,8],"children":[0,{"name":"group","origin":[8,8,8],"children":[1,2]},3]},4]}