{"credit":"Made with Blockbench by yungwilder","texture_size":[32,32],"textures":{"0":"custom/cosmetics/owlsdev/shark_head","particle":"custom/cosmetics/owlsdev/shark_head"},"elements":[{"from":[4,0,4],"to":[12,2,12],"faces":{"north":{"uv":[10,10.5,14,11.5],"texture":"#0"},"east":{"uv":[11,0,15,1],"texture":"#0"},"south":{"uv":[11,1,15,2],"texture":"#0"},"west":{"uv":[11,2,15,3],"texture":"#0"},"up":{"uv":[4,4,0,0],"texture":"#0"},"down":{"uv":[4,4,0,8],"texture":"#0"}}},{"from":[3.975,8,4.15],"to":[12.025,11,12.15],"rotation":{"angle":22.5,"axis":"x","origin":[8.5,8,8]},"faces":{"north":{"uv":[8,3,12,4.5],"texture":"#0"},"east":{"uv":[8,4.5,12,6],"texture":"#0"},"south":{"uv":[5.5,8,9.5,9.5],"texture":"#0"},"west":{"uv":[8,6,12,7.5],"texture":"#0"},"up":{"uv":[8,4,4,0],"texture":"#0"},"down":{"uv":[8,4,4,8],"texture":"#0"}}},{"from":[4,2,9],"to":[5,8,12],"faces":{"north":{"uv":[11.5,12,12,15],"texture":"#0"},"east":{"uv":[9.5,7.5,11,10.5],"texture":"#0"},"south":{"uv":[12,12,12.5,15],"texture":"#0"},"west":{"uv":[8.5,10.5,10,13.5],"texture":"#0"},"up":{"uv":[1,14,0.5,12.5],"texture":"#0"},"down":{"uv":[1.5,12.5,1,14],"texture":"#0"}}},{"from":[11,2,9],"to":[12,8,12],"rotation":{"angle":0,"axis":"y","origin":[0,3,0]},"faces":{"north":{"uv":[12,3,12.5,6],"texture":"#0"},"east":{"uv":[5.5,9.5,7,12.5],"texture":"#0"},"south":{"uv":[11,12,11.5,15],"texture":"#0"},"west":{"uv":[7,9.5,8.5,12.5],"texture":"#0"},"up":{"uv":[12.5,7.5,12,6],"texture":"#0"},"down":{"uv":[0.5,12.5,0,14],"texture":"#0"}}},{"from":[5,2,11],"to":[11,8,12],"rotation":{"angle":0,"axis":"y","origin":[0,-2,0]},"faces":{"north":{"uv":[8,0,11,3],"texture":"#0"},"east":{"uv":[10,11.5,10.5,14.5],"texture":"#0"},"south":{"uv":[2.5,8,5.5,11],"texture":"#0"},"west":{"uv":[10.5,11.5,11,14.5],"texture":"#0"},"up":{"uv":[14,12,11,11.5],"texture":"#0"},"down":{"uv":[5.5,12,2.5,12.5],"texture":"#0"}}},{"from":[8,-1,12],"to":[8,8,17],"faces":{"north":{"uv":[0,0,0,4.5],"texture":"#0"},"east":{"uv":[0,8,2.5,12.5],"texture":"#0"},"south":{"uv":[0,0,0,4.5],"texture":"#0"},"west":{"uv":[2.5,8,0,12.5],"texture":"#0"},"up":{"uv":[0,2.5,0,0],"texture":"#0"},"down":{"uv":[0,0,0,2.5],"texture":"#0"}}},{"from":[4,6,4.15],"to":[4,8,10.15],"rotation":{"angle":22.5,"axis":"x","origin":[8.5,8,8]},"faces":{"north":{"uv":[0,0,0,1],"texture":"#0"},"east":{"uv":[5.5,11,2.5,12],"texture":"#0"},"south":{"uv":[0,0,0,1],"texture":"#0"},"west":{"uv":[2.5,11,5.5,12],"texture":"#0"},"up":{"uv":[0,3,0,0],"texture":"#0"},"down":{"uv":[0,0,0,3],"texture":"#0"}}},{"from":[4,2,4],"to":[4,4,9],"faces":{"north":{"uv":[0,0,0,1],"texture":"#0"},"east":{"uv":[13.5,9.5,11,10.5],"texture":"#0"},"south":{"uv":[0,0,0,1],"texture":"#0"},"west":{"uv":[11,9.5,13.5,10.5],"texture":"#0"},"up":{"uv":[0,2.5,0,0],"texture":"#0"},"down":{"uv":[0,0,0,2.5],"texture":"#0"}}},{"from":[4,2,4],"to":[12,4,4],"faces":{"north":{"uv":[15,7.5,11,8.5],"texture":"#0"},"east":{"uv":[0,0,0,1],"texture":"#0"},"south":{"uv":[11,7.5,15,8.5],"texture":"#0"},"west":{"uv":[0,0,0,1],"texture":"#0"},"up":{"uv":[4,0,0,0],"texture":"#0"},"down":{"uv":[4,0,0,0],"texture":"#0"}}},{"from":[4,6,4.15],"to":[12,8,4.15],"rotation":{"angle":22.5,"axis":"x","origin":[8.5,8,8]},"faces":{"north":{"uv":[11,8.5,15,9.5],"texture":"#0"},"east":{"uv":[0,0,0,1],"texture":"#0"},"south":{"uv":[15,8.5,11,9.5],"texture":"#0"},"west":{"uv":[0,0,0,1],"texture":"#0"},"up":{"uv":[4,0,0,0],"texture":"#0"},"down":{"uv":[4,0,0,0],"texture":"#0"}}},{"from":[12,2,4],"to":[12,4,9],"faces":{"north":{"uv":[0,0,0,1],"texture":"#0"},"east":{"uv":[13.5,9.5,11,10.5],"texture":"#0"},"south":{"uv":[0,0,0,1],"texture":"#0"},"west":{"uv":[11,9.5,13.5,10.5],"texture":"#0"},"up":{"uv":[0,2.5,0,0],"texture":"#0"},"down":{"uv":[0,0,0,2.5],"texture":"#0"}}},{"from":[12,6,4.15],"to":[12,8,10.15],"rotation":{"angle":22.5,"axis":"x","origin":[8.5,8,8]},"faces":{"north":{"uv":[0,0,0,1],"texture":"#0"},"east":{"uv":[5.5,11,2.5,12],"texture":"#0"},"south":{"uv":[0,0,0,1],"texture":"#0"},"west":{"uv":[2.5,11,5.5,12],"texture":"#0"},"up":{"uv":[0,3,0,0],"texture":"#0"},"down":{"uv":[0,0,0,3],"texture":"#0"}}}],"gui_light":"front","display":{"thirdperson_righthand":{"rotation":[0,-180,0],"scale":[0.6,0.6,0.6]},"thirdperson_lefthand":{"rotation":[0,-180,0],"scale":[0.6,0.6,0.6]},"firstperson_righthand":{"rotation":[0,25,0],"translation":[0,5.5,0],"scale":[0.5,0.5,0.5]},"firstperson_lefthand":{"rotation":[0,25,0],"translation":[0,5.5,0],"scale":[0.5,0.5,0.5]},"ground":{"translation":[0,1,0],"scale":[0.4,0.4,0.4]},"gui":{"rotation":[15,-120,0],"translation":[1,2.5,0]},"head":{"translation":[0,5.75,-0.25],"scale":[1.9,1.9,1.9]},"fixed":{"rotation":[0,75,0],"translation":[0,3,-4]}},"groups":[0,1,2,3,4,5,{"name":"teeth","origin":[8.5,8,8],"color":0,"children":[6,7,8,9,10,11]}]}