{"credit":"Made with Blockbench","textures":{"0":"custom/cosmetics/owlsdev/suit_case","particle":"custom/cosmetics/owlsdev/suit_case"},"elements":[{"from":[1.5,0,5.5],"to":[14.5,9,10.5],"faces":{"north":{"uv":[0,0,6.5,4.5],"texture":"#0","tintindex":0},"east":{"uv":[7,0,9.5,4.5],"texture":"#0","tintindex":0},"south":{"uv":[0,0,6.5,4.5],"texture":"#0","tintindex":0},"west":{"uv":[7,0,9.5,4.5],"texture":"#0","tintindex":0},"up":{"uv":[0,9.5,6.5,12],"texture":"#0","tintindex":0},"down":{"uv":[0,12.5,6.5,15],"texture":"#0","tintindex":0}}},{"from":[1.3,-0.2,5.3],"to":[14.7,9.2,10.7],"faces":{"north":{"uv":[0,4.5,6.5,9],"texture":"#0"},"south":{"uv":[0,4.5,6.5,9],"texture":"#0"},"up":{"uv":[6.5,9.5,13,12],"texture":"#0"},"down":{"uv":[6.5,12.5,13,15],"texture":"#0"}}},{"from":[14.7,9.2,10.7],"to":[1.3,-0.2,5.3],"faces":{"north":{"uv":[0,4.5,6.5,9],"rotation":180,"texture":"#0"},"south":{"uv":[0,4.5,6.5,9],"rotation":180,"texture":"#0"},"up":{"uv":[6.5,12.5,13,15],"texture":"#0"},"down":{"uv":[6.5,9.5,13,12],"texture":"#0"}}},{"from":[4.5,9,7.5],"to":[11.5,12,7.5],"faces":{"north":{"uv":[8,6.5,11.5,8],"texture":"#0"},"south":{"uv":[8,6.5,11.5,8],"texture":"#0"}}}],"display":{"thirdperson_righthand":{"rotation":[68.0,-90.0,-0.0],"translation":[-2.640625,-2.9375,-0.78125],"scale":[0.9375,0.9375,0.9375]},"thirdperson_lefthand":{"rotation":[68,90,0],"translation":[0.75,-3,-1.5]},"firstperson_righthand":{"rotation":[1,80,0],"translation":[7.75,-4.5,1]},"firstperson_lefthand":{"rotation":[1,80,0],"translation":[7.75,-4.5,1],"scale":[0,0,0]},"ground":{"translation":[0,6.5,0],"scale":[0.5,0.5,0.5]},"gui":{"rotation":[30,-45,0],"translation":[0,2.5,0]},"head":{"rotation":[-90,0,-25],"translation":[2,10.25,-5.5],"scale":[1.6,1.6,1.6]},"fixed":{"translation":[0,5.25,-5.25],"scale":[2,2,2]}}}