{
	"credit": "Made with Blockbench",
	"textures": {
		"particle": "custom/cosmetics/owlsdev/teddy"
	},
	"elements": [
		{
			"from": [5, 8, 5.5],
			"to": [11, 13, 10.5],
			"rotation": {"angle": 0, "axis": "y", "origin": [13.5, 16, 13.5]},
			"faces": {
				"north": {"uv": [0.25, 2.75, 3.25, 5.25], "texture": "#particle"},
				"east": {"uv": [3.25, 2.75, 5.75, 5.25], "texture": "#particle"},
				"south": {"uv": [5.75, 2.75, 8.75, 5.25], "texture": "#particle"},
				"west": {"uv": [3.25, 2.75, 5.75, 5.25], "texture": "#particle"},
				"up": {"uv": [3.25, 2.75, 0.25, 0.25], "texture": "#particle"},
				"down": {"uv": [3.25, 7.75, 0.25, 5.25], "texture": "#particle"}
			}
		},
		{
			"from": [-2.89645, 14.16726, 7.5],
			"to": [0.10355, 17.16726, 8.5],
			"rotation": {"angle": 45, "axis": "z", "origin": [5.35355, 22.16726, 15.5]},
			"faces": {
				"north": {"uv": [4.25, 0.75, 5.75, 2.25], "texture": "#particle"},
				"east": {"uv": [3.75, 0.75, 4.25, 2.25], "texture": "#particle"},
				"south": {"uv": [6.25, 0.75, 7.75, 2.25], "texture": "#particle"},
				"west": {"uv": [5.75, 0.75, 6.25, 2.25], "texture": "#particle"},
				"up": {"uv": [5.75, 0.75, 4.25, 0.25], "texture": "#particle"}
			}
		},
		{
			"from": [15.89645, 14.16726, 7.5],
			"to": [18.89645, 17.16726, 8.5],
			"rotation": {"angle": -45, "axis": "z", "origin": [10.64645, 22.16726, 15.5]},
			"faces": {
				"north": {"uv": [5.75, 0.75, 4.25, 2.25], "texture": "#particle"},
				"east": {"uv": [6.25, 0.75, 5.75, 2.25], "texture": "#particle"},
				"south": {"uv": [7.75, 0.75, 6.25, 2.25], "texture": "#particle"},
				"west": {"uv": [4.25, 0.75, 3.75, 2.25], "texture": "#particle"},
				"up": {"uv": [4.25, 0.75, 5.75, 0.25], "texture": "#particle"}
			}
		},
		{
			"from": [6.5, 8, 4.5],
			"to": [9.5, 10, 5.5],
			"rotation": {"angle": 0, "axis": "y", "origin": [15, 16, 12.5]},
			"faces": {
				"north": {"uv": [13.75, 0.75, 15.25, 1.75], "texture": "#particle"},
				"east": {"uv": [15.75, 0.75, 15.25, 1.75], "texture": "#particle"},
				"west": {"uv": [15.25, 0.75, 15.75, 1.75], "texture": "#particle"},
				"up": {"uv": [15.25, 0.75, 13.75, 0.25], "texture": "#particle"},
				"down": {"uv": [15.25, 2.25, 13.75, 1.75], "texture": "#particle"}
			}
		},
		{
			"from": [7.5, 9, 4],
			"to": [8.5, 10, 4.5],
			"rotation": {"angle": 0, "axis": "y", "origin": [15, 16, 12.5]},
			"faces": {
				"north": {"uv": [5.5, 6, 6, 6.5], "texture": "#particle"},
				"east": {"uv": [5.25, 6, 5.5, 6.5], "texture": "#particle"},
				"west": {"uv": [6, 6, 6.25, 6.5], "texture": "#particle"},
				"up": {"uv": [6, 6, 5.5, 5.75], "texture": "#particle"},
				"down": {"uv": [6, 6.75, 5.5, 6.5], "texture": "#particle"}
			}
		},
		{
			"from": [6, 10, 5],
			"to": [7, 11, 5.5],
			"rotation": {"angle": 0, "axis": "y", "origin": [14.5, 18, 13]},
			"faces": {
				"north": {"uv": [4, 6, 4.5, 6.5], "texture": "#particle"},
				"east": {"uv": [3.75, 6, 4, 6.5], "texture": "#particle"},
				"west": {"uv": [4.5, 6, 4.75, 6.5], "texture": "#particle"},
				"up": {"uv": [4.5, 6, 4, 5.75], "texture": "#particle"},
				"down": {"uv": [4.5, 6.75, 4, 6.5], "texture": "#particle"}
			}
		},
		{
			"from": [9, 10, 5],
			"to": [10, 11, 5.5],
			"rotation": {"angle": 0, "axis": "y", "origin": [17.5, 18, 13]},
			"faces": {
				"north": {"uv": [4, 6, 4.5, 6.5], "texture": "#particle"},
				"east": {"uv": [3.75, 6, 4, 6.5], "texture": "#particle"},
				"west": {"uv": [4.5, 6, 4.75, 6.5], "texture": "#particle"},
				"up": {"uv": [4.5, 6, 4, 5.75], "texture": "#particle"},
				"down": {"uv": [4.5, 6.75, 4, 6.5], "texture": "#particle"}
			}
		},
		{
			"from": [5.5, 1, 6.5],
			"to": [10.5, 8, 9.5],
			"rotation": {"angle": 0, "axis": "y", "origin": [13.5, 9, 14.5]},
			"faces": {
				"north": {"uv": [0.25, 8.25, 2.75, 11.75], "texture": "#particle"},
				"east": {"uv": [2.75, 8.25, 4.25, 11.75], "texture": "#particle"},
				"south": {"uv": [4.25, 8.25, 6.75, 11.75], "texture": "#particle"},
				"west": {"uv": [2.75, 8.25, 4.25, 11.75], "texture": "#particle"},
				"down": {"uv": [2.75, 13.25, 0.25, 11.75], "texture": "#particle"}
			}
		},
		{
			"from": [7, 0.27372, 6.36241],
			"to": [9, 2.27372, 8.36241],
			"rotation": {"angle": -22.5, "axis": "x", "origin": [11.5, 8.27372, 7.36241]},
			"faces": {
				"north": {"uv": [7.25, 10.25, 8.25, 11.25], "texture": "#particle"},
				"east": {"uv": [9.25, 10.25, 8.25, 11.25], "texture": "#particle"},
				"south": {"uv": [9.25, 10.25, 10.25, 11.25], "texture": "#particle"},
				"west": {"uv": [8.25, 10.25, 9.25, 11.25], "texture": "#particle"},
				"up": {"uv": [8.25, 10.25, 7.25, 9.25], "texture": "#particle"},
				"down": {"uv": [8.25, 12.25, 7.25, 11.25], "texture": "#particle"}
			}
		},
		{
			"from": [5.95669, 0, 1.8233],
			"to": [8.95669, 3, 5.8233],
			"rotation": {"angle": 22.5, "axis": "y", "origin": [13.95669, 8, 9.8233]},
			"faces": {
				"north": {"uv": [9.25, 6.25, 10.75, 7.75], "texture": "#particle"},
				"east": {"uv": [7.25, 6.25, 9.25, 7.75], "texture": "#particle"},
				"south": {"uv": [12.75, 6.25, 14.25, 7.75], "texture": "#particle"},
				"west": {"uv": [10.75, 6.25, 12.75, 7.75], "texture": "#particle"},
				"up": {"uv": [10.75, 6.25, 9.25, 4.25], "texture": "#particle"},
				"down": {"uv": [10.75, 9.75, 9.25, 7.75], "texture": "#particle"}
			}
		},
		{
			"from": [8.27372, 0, 7.63759],
			"to": [11.27372, 3, 11.63759],
			"rotation": {"angle": -22.5, "axis": "y", "origin": [17.27372, 1.5, 9.63759]},
			"faces": {
				"north": {"uv": [9.25, 6.25, 10.75, 7.75], "texture": "#particle"},
				"east": {"uv": [7.25, 6.25, 9.25, 7.75], "texture": "#particle"},
				"south": {"uv": [12.75, 6.25, 14.25, 7.75], "texture": "#particle"},
				"west": {"uv": [10.75, 6.25, 12.75, 7.75], "texture": "#particle"},
				"up": {"uv": [10.75, 6.25, 9.25, 4.25], "texture": "#particle"},
				"down": {"uv": [10.75, 9.75, 9.25, 7.75], "texture": "#particle"}
			}
		},
		{
			"from": [5.56355, 7.5985, 7],
			"to": [8.56355, 10.5985, 9],
			"rotation": {"angle": 22.5, "axis": "z", "origin": [13.56355, 1.5985, 15]},
			"faces": {
				"north": {"uv": [9.25, 1.25, 10.75, 2.75], "texture": "#particle"},
				"south": {"uv": [11.75, 1.25, 13.25, 2.75], "texture": "#particle"},
				"west": {"uv": [10.75, 1.25, 11.75, 2.75], "texture": "#particle"},
				"up": {"uv": [10.75, 1.25, 9.25, 0.25], "texture": "#particle"},
				"down": {"uv": [10.75, 3.75, 9.25, 2.75], "texture": "#particle"}
			}
		},
		{
			"from": [7.43645, 7.5985, 7],
			"to": [10.43645, 10.5985, 9],
			"rotation": {"angle": -22.5, "axis": "z", "origin": [2.43645, 1.5985, 15]},
			"faces": {
				"north": {"uv": [10.75, 1.25, 9.25, 2.75], "texture": "#particle"},
				"east": {"uv": [11.75, 1.25, 10.75, 2.75], "texture": "#particle"},
				"south": {"uv": [13.25, 1.25, 11.75, 2.75], "texture": "#particle"},
				"up": {"uv": [9.25, 1.25, 10.75, 0.25], "texture": "#particle"},
				"down": {"uv": [9.25, 3.75, 10.75, 2.75], "texture": "#particle"}
			}
		}
	],
	"display": {
		"thirdperson_righthand": {
			"rotation": [50, 15, -20],
			"translation": [-0.5, 0.5, 2]
		},
		"firstperson_righthand": {
			"rotation": [25, 125, -15],
			"translation": [2, 4.5, -4]
		},
		"ground": {
			"rotation": [50, 50, 0],
			"translation": [0, 4, 0]
		},
		"gui": {
			"rotation": [-13, -136, -24],
			"translation": [-0.75, 1, 0],
			"scale": [0.9, 0.9, 0.9]
		},
		"head": {
			"rotation": [15, -180, 0],
			"translation": [0, -44.75, 8.75],
			"scale": [2, 2, 2]
		},
		"fixed": {
			"rotation": [-90, 0, 0],
			"translation": [0, 0, -22],
			"scale": [3, 3, 3]
		}
	}
}