{"credit":"Made with Blockbench","texture_size":[64,64],"textures":{"0":"custom/cosmetics/owlsdev/traveller_pack","particle":"custom/cosmetics/owlsdev/traveller_pack"},"elements":[{"from":[1,0,3],"to":[15,14,14],"faces":{"north":{"uv":[0,0,3.5,3.5],"texture":"#0"},"east":{"uv":[3.75,0,6.5,3.5],"texture":"#0"},"south":{"uv":[0,0,3.5,3.5],"texture":"#0"},"west":{"uv":[3.75,0,6.5,3.5],"texture":"#0"},"up":{"uv":[0,3.75,2.75,7.25],"rotation":90,"texture":"#0"},"down":{"uv":[3,3.75,5.75,7.25],"rotation":90,"texture":"#0"}}},{"name":"cube inverted","from":[16.25,21.25,15.25],"to":[-0.25,13.75,7.75],"rotation":{"angle":22.5,"axis":"x","origin":[8,17.5,8.5]},"faces":{"north":{"uv":[6.5,8.75,10.5,7],"texture":"#0"},"south":{"uv":[6.5,8.75,10.5,7],"texture":"#0"},"up":{"uv":[10.5,8.75,6.5,10.5],"texture":"#0"},"down":{"uv":[10.5,5.25,6.5,7],"texture":"#0"}}},{"from":[0,14,8],"to":[16,21,15],"rotation":{"angle":22.5,"axis":"x","origin":[8,17.5,8.5]},"faces":{"north":{"uv":[6.5,1.75,10.5,3.5],"texture":"#0","tintindex":0},"east":{"uv":[10.5,0,12.25,1.75],"texture":"#0","tintindex":0},"south":{"uv":[6.5,1.75,10.5,3.5],"texture":"#0","tintindex":0},"west":{"uv":[12.25,0,10.5,1.75],"texture":"#0","tintindex":0},"up":{"uv":[6.5,0,10.5,1.75],"texture":"#0","tintindex":0},"down":{"uv":[6.5,3.5,10.5,5.25],"texture":"#0","tintindex":0}}},{"from":[-0.25,13.75,7.75],"to":[16.25,21.25,15.25],"rotation":{"angle":22.5,"axis":"x","origin":[8,17.5,8.5]},"faces":{"north":{"uv":[6.5,7,10.5,8.75],"texture":"#0"},"south":{"uv":[6.5,7,10.5,8.75],"texture":"#0"},"up":{"uv":[6.5,5.25,10.5,7],"texture":"#0"},"down":{"uv":[6.5,8.75,10.5,10.5],"texture":"#0"}}},{"from":[15,3,5.5],"to":[17,9,11.5],"faces":{"north":{"uv":[5.5,8.75,5,10.25],"texture":"#0"},"east":{"uv":[5,7.25,6.5,8.75],"texture":"#0"},"south":{"uv":[5,8.75,5.5,10.25],"texture":"#0"},"up":{"uv":[5.5,8.75,6,10.25],"texture":"#0"},"down":{"uv":[6,8.75,6.5,10.25],"texture":"#0"}}},{"from":[-1,3,5.5],"to":[1,9,11.5],"rotation":{"angle":0,"axis":"y","origin":[16,0,0]},"faces":{"north":{"uv":[5,8.75,5.5,10.25],"texture":"#0"},"south":{"uv":[5.5,8.75,5,10.25],"texture":"#0"},"west":{"uv":[6.5,7.25,5,8.75],"texture":"#0"},"up":{"uv":[6,8.75,5.5,10.25],"texture":"#0"},"down":{"uv":[6.5,8.75,6,10.25],"texture":"#0"}}},{"from":[3,1,-2],"to":[13,13,3],"faces":{"north":{"uv":[0,8.5,2.5,11.5],"texture":"#0"},"east":{"uv":[3.75,8.5,2.5,11.5],"texture":"#0"},"west":{"uv":[2.5,8.5,3.75,11.5],"texture":"#0"},"up":{"uv":[0,7.25,2.5,8.5],"texture":"#0"},"down":{"uv":[2.5,7.25,5,8.5],"texture":"#0"}}},{"name":"cube inverted","from":[13,13,3],"to":[3,1,-2],"faces":{"east":{"uv":[2.5,11.5,3.75,8.5],"texture":"#0"},"south":{"uv":[0,11.5,2.5,8.5],"texture":"#0"},"west":{"uv":[3.75,11.5,2.5,8.5],"texture":"#0"},"up":{"uv":[5,7.25,2.5,8.5],"texture":"#0"},"down":{"uv":[2.5,7.25,0,8.5],"texture":"#0"}}},{"from":[2,-6,13],"to":[14,1,13],"faces":{"north":{"uv":[0,11.5,3,13.25],"texture":"#0"},"south":{"uv":[0,11.5,3,13.25],"texture":"#0"}}},{"from":[5,1,14],"to":[11,8,17],"faces":{"east":{"uv":[6.5,11,7.25,12.75],"texture":"#0"},"south":{"uv":[5,11,6.5,12.75],"texture":"#0"},"west":{"uv":[7.25,11,6.5,12.75],"texture":"#0"},"up":{"uv":[5,10.25,6.5,11],"texture":"#0"},"down":{"uv":[5,12.75,6.5,13.5],"texture":"#0"}}},{"from":[5,1,14],"to":[11,8,17],"faces":{"east":{"uv":[8.75,11,9.5,12.75],"texture":"#0","tintindex":0},"south":{"uv":[7.25,11,8.75,12.75],"texture":"#0","tintindex":0},"west":{"uv":[9.5,11,8.75,12.75],"texture":"#0","tintindex":0}}},{"from":[1,2,14],"to":[5,7,18],"rotation":{"angle":-45,"axis":"y","origin":[3,6.25,15.5]},"faces":{"north":{"uv":[10.5,2.25,11.5,3.5],"texture":"#0"},"east":{"uv":[10.5,2.25,11.5,3.5],"texture":"#0"},"south":{"uv":[10.5,2.25,11.5,3.5],"texture":"#0"},"west":{"uv":[10.5,2.25,11.5,3.5],"texture":"#0"},"up":{"uv":[10.5,3.5,11.5,4.5],"texture":"#0"},"down":{"uv":[10.5,4.5,11.5,5.5],"texture":"#0"}}},{"from":[2,7,14],"to":[4,9,16],"rotation":{"angle":-45,"axis":"y","origin":[3,6.25,15.5]},"faces":{"north":{"uv":[10.75,1.75,11.25,2.25],"texture":"#0"},"east":{"uv":[10.75,1.75,11.25,2.25],"texture":"#0"},"south":{"uv":[10.75,1.75,11.25,2.25],"texture":"#0"},"west":{"uv":[10.75,1.75,11.25,2.25],"texture":"#0"},"up":{"uv":[10.75,1.75,11.25,2],"texture":"#0"}}}],"display":{"thirdperson_righthand":{"rotation":[95.0,0,0],"translation":[-1.0,-9.1875,16.349998],"scale":[1.0625,1.0625,1.0625]},"thirdperson_lefthand":{"rotation":[72,-152,0],"translation":[-2.75,5.5,0.25],"scale":[0.5,0.5,0.5]},"firstperson_righthand":{"rotation":[0,25,0],"translation":[13.25,5.75,-5]},"firstperson_lefthand":{"rotation":[0,25,0],"translation":[13.25,5.75,-5]},"ground":{"translation":[0,6,1.25],"scale":[0.2,0.2,0.2]},"gui":{"rotation":[30,45,0],"translation":[0,0.5,0],"scale":[0.5,0.5,0.5]},"head":{"rotation":[5,0,0],"translation":[0,-50,11.5],"scale":[1.7,1.7,1.7]},"fixed":{"rotation":[-90,0,0],"translation":[0,20,-30],"scale":[2,2,2]}},"groups":[0,{"name":"group","origin":[0,0,0],"color":0,"children":[1,2,3]},4,5,6,7,8,9,10,{"name":"group","origin":[0,0,0],"color":0,"children":[11,12]}]}