{"credit":"Made with Blockbench","texture_size":[32,32],"textures":{"0":"custom/cosmetics/owlsdev/tv_helmet/tv_helmet","1":"custom/cosmetics/owlsdev/tv_helmet/tv_screen","particle":"custom/cosmetics/owlsdev/tv_helmet/tv_helmet"},"elements":[{"from":[6,9,7],"to":[10,10,11],"faces":{"north":{"uv":[6,8.5,8,9],"texture":"#0"},"east":{"uv":[6,8.5,8,9],"texture":"#0"},"south":{"uv":[6,8.5,8,9],"texture":"#0"},"west":{"uv":[6,8.5,8,9],"texture":"#0"},"up":{"uv":[8.5,8.5,10.5,10.5],"texture":"#0"}}},{"from":[3,1,1.9],"to":[13,9,1.9],"faces":{"north":{"uv":[0,0,10,8],"texture":"#1"}}},{"from":[7,10,9],"to":[8,20,9],"rotation":{"angle":22.5,"axis":"z","origin":[7.5,10,9]},"faces":{"north":{"uv":[10.5,8.5,11,13.5],"texture":"#0"},"south":{"uv":[10.5,8.5,11,13.5],"texture":"#0"}}},{"from":[8,10,9],"to":[9,20,9],"rotation":{"angle":-45,"axis":"z","origin":[8.5,10,9]},"faces":{"north":{"uv":[10.5,8.5,11,13.5],"texture":"#0"},"south":{"uv":[10.5,8.5,11,13.5],"texture":"#0"}}},{"from":[2,0,2],"to":[14,10,6],"faces":{"north":{"uv":[0,0,6,5],"texture":"#0","tintindex":0},"east":{"uv":[6,0,8,5],"texture":"#0","tintindex":0},"south":{"uv":[8,0,14,5],"texture":"#0","tintindex":0},"west":{"uv":[6,0,8,5],"texture":"#0","tintindex":0},"up":{"uv":[0,5,6,7],"rotation":180,"texture":"#0","tintindex":0},"down":{"uv":[0,7,6,9],"texture":"#0","tintindex":0}}},{"from":[3,0,6],"to":[13,9,13],"faces":{"east":{"uv":[3.5,9,0,13.5],"texture":"#0","tintindex":0},"south":{"uv":[3.5,9,8.5,13.5],"texture":"#0","tintindex":0},"west":{"uv":[0,9,3.5,13.5],"texture":"#0","tintindex":0},"up":{"uv":[6,5,11,8.5],"texture":"#0","tintindex":0},"down":{"uv":[11,5,16,8.5],"rotation":180,"texture":"#0","tintindex":0}}}],"display":{"gui":{"rotation":[30,135,0],"scale":[0.71,0.71,0.71]},"head":{"translation":[0,5.75,1.5],"scale":[1.71,1.71,1.71]},"thirdperson_righthand":{"rotation":[90.0,0.0,0.0],"translation":[-1.0,-2.9375,17.11914],"scale":[1.0019531,1.0019531,1.0019531]}},"groups":[0,1,2,3,{"name":"group","origin":[0,0,0],"children":[4,5]}]}