{
	"credit": "Made with Blockbench",
	"texture_size": [64, 64],
	"textures": {
		"1": "custom/cosmetics/owlsdev/xwing/x_wing_balloon",
		"2": "custom/cosmetics/owlsdev/xwing/x_wing_glow",
		"3": "custom/cosmetics/owlsdev/xwing/x_wing_glow_1",
		"particle": "custom/cosmetics/owlsdev/xwing/x_wing_glow"
	},
	"elements": [
		{
			"from": [6, 4, 26],
			"to": [10, 8, 30],
			"rotation": {"angle": 45, "axis": "z", "origin": [0, 0, 0]},
			"faces": {
				"north": {"uv": [6, 2, 7, 3], "texture": "#3"},
				"east": {"uv": [8, 0, 13, 5], "texture": "#3"},
				"south": {"uv": [6, 1, 7, 2], "texture": "#3"},
				"west": {"uv": [13, 5, 8, 0], "texture": "#3"},
				"up": {"uv": [0, 0, 5, 5], "texture": "#3"},
				"down": {"uv": [0, 5, 5, 0], "texture": "#3"}
			}
		},
		{
			"from": [15.2, -5.1, 26],
			"to": [19.2, -1.1, 30],
			"rotation": {"angle": 45, "axis": "z", "origin": [0, 0, 0]},
			"faces": {
				"north": {"uv": [6, 2, 7, 3], "texture": "#3"},
				"east": {"uv": [8, 0, 13, 5], "texture": "#3"},
				"south": {"uv": [6, 1, 7, 2], "texture": "#3"},
				"west": {"uv": [13, 5, 8, 0], "texture": "#3"},
				"up": {"uv": [0, 0, 5, 5], "texture": "#3"},
				"down": {"uv": [0, 5, 5, 0], "texture": "#3"}
			}
		},
		{
			"from": [8.4, -12.1, 26],
			"to": [12.4, -8.1, 30],
			"rotation": {"angle": 45, "axis": "z", "origin": [0, 0, 0]},
			"faces": {
				"north": {"uv": [6, 2, 7, 3], "texture": "#3"},
				"east": {"uv": [8, 0, 13, 5], "texture": "#3"},
				"south": {"uv": [6, 1, 7, 2], "texture": "#3"},
				"west": {"uv": [13, 5, 8, 0], "texture": "#3"},
				"up": {"uv": [0, 0, 5, 5], "texture": "#3"},
				"down": {"uv": [0, 5, 5, 0], "texture": "#3"}
			}
		},
		{
			"from": [-0.9, -3, 26],
			"to": [3.1, 1, 30],
			"rotation": {"angle": 45, "axis": "z", "origin": [0, 0, 0]},
			"faces": {
				"north": {"uv": [6, 2, 7, 3], "texture": "#3"},
				"east": {"uv": [8, 0, 13, 5], "texture": "#3"},
				"south": {"uv": [6, 1, 7, 2], "texture": "#3"},
				"west": {"uv": [13, 5, 8, 0], "texture": "#3"},
				"up": {"uv": [0, 0, 5, 5], "texture": "#3"},
				"down": {"uv": [0, 5, 5, 0], "texture": "#3"}
			}
		},
		{
			"from": [4, 0, 3],
			"to": [12, 9, 22],
			"rotation": {"angle": 0, "axis": "y", "origin": [0, 0, -1]},
			"faces": {
				"north": {"uv": [6.25, 0, 8.25, 2.25], "texture": "#1"},
				"east": {"uv": [2, 4.75, 4.25, 0], "rotation": 90, "texture": "#1"},
				"south": {"uv": [6.25, 2.25, 7.75, 3.75], "texture": "#1"},
				"west": {"uv": [2, 0, 4.25, 4.75], "rotation": 90, "texture": "#1"},
				"up": {"uv": [0, 0, 2, 4.75], "rotation": 180, "texture": "#1"},
				"down": {"uv": [4.25, 0, 6.25, 4.75], "texture": "#1"}
			}
		},
		{
			"from": [4, 0, 3],
			"to": [12, 9, 22],
			"rotation": {"angle": 0, "axis": "y", "origin": [0, 0, -1]},
			"faces": {
				"north": {"uv": [8.75, 8.5, 10.75, 10.75], "texture": "#1", "tintindex": 0},
				"east": {"uv": [6.25, 13.25, 8.5, 8.5], "rotation": 90, "texture": "#1", "tintindex": 0},
				"west": {"uv": [6.25, 8.5, 8.5, 13.25], "rotation": 90, "texture": "#1", "tintindex": 0}
			}
		},
		{
			"from": [5, 0, -16],
			"to": [11, 6, 3],
			"rotation": {"angle": 0, "axis": "y", "origin": [0, 0, -1]},
			"faces": {
				"north": {"uv": [6.25, 2.25, 7.75, 3.75], "texture": "#1"},
				"east": {"uv": [3, 9.5, 1.5, 4.75], "rotation": 90, "texture": "#1"},
				"south": {"uv": [0, 0, 1.5, 1.5], "texture": "#1"},
				"west": {"uv": [3, 4.75, 1.5, 9.5], "rotation": 90, "texture": "#1"},
				"up": {"uv": [0, 4.75, 1.5, 9.5], "rotation": 180, "texture": "#1"},
				"down": {"uv": [0, 4.75, 1.5, 9.5], "texture": "#1"}
			}
		},
		{
			"from": [5, 0, -16],
			"to": [11, 6, 3],
			"rotation": {"angle": 0, "axis": "y", "origin": [0, 0, -1]},
			"faces": {
				"east": {"uv": [6, 9.5, 4.5, 4.75], "rotation": 90, "texture": "#1", "tintindex": 0},
				"west": {"uv": [6, 4.75, 4.5, 9.5], "rotation": 90, "texture": "#1", "tintindex": 0}
			}
		},
		{
			"from": [-2, 7, 9],
			"to": [3, 12, 26],
			"rotation": {"angle": -45, "axis": "z", "origin": [1.5, 8.5, 16.5]},
			"faces": {
				"north": {"uv": [9.5, 4.25, 10.75, 5.5], "texture": "#1"},
				"east": {"uv": [9.5, 4.25, 8.25, 0], "rotation": 90, "texture": "#1"},
				"south": {"uv": [0, 0, 5, 5], "rotation": 270, "texture": "#2"},
				"west": {"uv": [10.75, 0, 9.5, 4.25], "rotation": 90, "texture": "#1"},
				"up": {"uv": [10.75, 4.25, 9.5, 0], "texture": "#1"},
				"down": {"uv": [9.5, 0, 8.25, 4.25], "texture": "#1"}
			}
		},
		{
			"from": [5, 0, 9],
			"to": [10, 5, 26],
			"rotation": {"angle": -45, "axis": "z", "origin": [1.5, 8.5, 16.5]},
			"faces": {
				"north": {"uv": [9.5, 4.25, 10.75, 5.5], "texture": "#1"},
				"east": {"uv": [9.5, 4.25, 8.25, 0], "rotation": 90, "texture": "#1"},
				"south": {"uv": [0, 0, 5, 5], "rotation": 270, "texture": "#2"},
				"west": {"uv": [10.75, 0, 9.5, 4.25], "rotation": 90, "texture": "#1"},
				"up": {"uv": [10.75, 4.25, 9.5, 0], "texture": "#1"},
				"down": {"uv": [9.5, 0, 8.25, 4.25], "texture": "#1"}
			}
		},
		{
			"from": [6, 0, 9],
			"to": [11, 5, 26],
			"rotation": {"angle": 45, "axis": "z", "origin": [14.5, 8.5, 16.5]},
			"faces": {
				"north": {"uv": [10.75, 4.25, 9.5, 5.5], "texture": "#1"},
				"east": {"uv": [10.75, 4.25, 9.5, 0], "rotation": 90, "texture": "#1"},
				"south": {"uv": [0, 0, 5, 5], "rotation": 270, "texture": "#2"},
				"west": {"uv": [9.5, 0, 8.25, 4.25], "rotation": 90, "texture": "#1"},
				"up": {"uv": [9.5, 4.25, 10.75, 0], "texture": "#1"},
				"down": {"uv": [8.25, 0, 9.5, 4.25], "texture": "#1"}
			}
		},
		{
			"from": [-16, 6, 12],
			"to": [4, 7, 20],
			"rotation": {"angle": 0, "axis": "z", "origin": [4, 6.5, 16]},
			"faces": {
				"north": {"uv": [4.25, 11.75, 0.5, 12], "texture": "#1"},
				"east": {"uv": [2, 8.75, 2.5, 9], "texture": "#1"},
				"south": {"uv": [0.5, 11.75, 4.25, 12], "texture": "#1"},
				"west": {"uv": [0.5, 8.75, 1, 9], "texture": "#1"},
				"up": {"uv": [4.25, 12.25, 0.5, 13.5], "rotation": 180, "texture": "#1"},
				"down": {"uv": [0.5, 13.5, 4.25, 12.25], "texture": "#1"}
			}
		},
		{
			"from": [-16, 7, 9],
			"to": [-14, 9, 23],
			"rotation": {"angle": 0, "axis": "y", "origin": [0, 0, -1]},
			"faces": {
				"north": {"uv": [9.25, 3.25, 9.75, 3.75], "texture": "#1"},
				"east": {"uv": [14.25, 6.75, 14.75, 3.25], "rotation": 90, "texture": "#1"},
				"south": {"uv": [9.25, 3.25, 9.75, 3.75], "texture": "#1"},
				"west": {"uv": [14.25, 3.25, 14.75, 6.75], "rotation": 90, "texture": "#1"},
				"up": {"uv": [14.25, 6.75, 14.75, 3.25], "texture": "#1"},
				"down": {"uv": [14.25, 3.25, 14.75, 6.75], "texture": "#1"}
			}
		},
		{
			"from": [30, 7, 9],
			"to": [32, 9, 23],
			"rotation": {"angle": 0, "axis": "y", "origin": [16, 0, -1]},
			"faces": {
				"north": {"uv": [9.75, 3.25, 9.25, 3.75], "texture": "#1"},
				"east": {"uv": [14.25, 6.75, 14.75, 3.25], "rotation": 90, "texture": "#1"},
				"south": {"uv": [9.75, 3.25, 9.25, 3.75], "texture": "#1"},
				"west": {"uv": [14.25, 3.25, 14.75, 6.75], "rotation": 90, "texture": "#1"},
				"up": {"uv": [14.75, 6.75, 14.25, 3.25], "texture": "#1"},
				"down": {"uv": [14.75, 3.25, 14.25, 6.75], "texture": "#1"}
			}
		},
		{
			"from": [-15.5, 8, -10],
			"to": [-14.5, 8, 9],
			"rotation": {"angle": 0, "axis": "y", "origin": [0, 0, -1]},
			"faces": {
				"up": {"uv": [14.25, 6.75, 14.5, 11.5], "rotation": 180, "texture": "#1"},
				"down": {"uv": [14.25, 6.75, 14.5, 11.5], "texture": "#1"}
			}
		},
		{
			"from": [-16, 6.5, -7],
			"to": [-14, 9.5, -7],
			"rotation": {"angle": 0, "axis": "y", "origin": [0, 0, -1]},
			"faces": {
				"north": {"uv": [14.25, 10, 14.5, 10.75], "texture": "#1"},
				"south": {"uv": [14.25, 10, 14.5, 10.75], "texture": "#1"}
			}
		},
		{
			"from": [-16, 7, 9],
			"to": [-14, 9, 23],
			"rotation": {"angle": 0, "axis": "y", "origin": [0, 0, -1]},
			"faces": {
				"north": {"uv": [9.25, 3.25, 9.75, 3.75], "texture": "#1"},
				"east": {"uv": [10.75, 3.5, 11.25, 0], "rotation": 90, "texture": "#1"},
				"south": {"uv": [9.25, 3.25, 9.75, 3.75], "texture": "#1"},
				"west": {"uv": [10.75, 0, 11.25, 3.5], "rotation": 90, "texture": "#1"},
				"up": {"uv": [10.75, 3.5, 11.25, 0], "texture": "#1"},
				"down": {"uv": [10.75, 0, 11.25, 3.5], "texture": "#1"}
			}
		},
		{
			"from": [-15.5, 8, -10],
			"to": [-14.5, 8, 9],
			"rotation": {"angle": 0, "axis": "y", "origin": [0, 0, -1]},
			"faces": {
				"up": {"uv": [11.25, 0, 11.5, 4.75], "rotation": 180, "texture": "#1"},
				"down": {"uv": [11.25, 0, 11.5, 4.75], "texture": "#1"}
			}
		},
		{
			"from": [-16, 6.5, -7],
			"to": [-14, 9.5, -7],
			"rotation": {"angle": 0, "axis": "y", "origin": [0, 0, -1]},
			"faces": {
				"north": {"uv": [11.5, 0, 11.75, 0.75], "texture": "#1"},
				"south": {"uv": [11.5, 0, 11.75, 0.75], "texture": "#1"}
			}
		},
		{
			"from": [30, 6.5, -7],
			"to": [32, 9.5, -7],
			"rotation": {"angle": 0, "axis": "y", "origin": [16, 0, -1]},
			"faces": {
				"north": {"uv": [14.5, 10, 14.25, 10.75], "texture": "#1"},
				"south": {"uv": [14.5, 10, 14.25, 10.75], "texture": "#1"}
			}
		},
		{
			"from": [30.5, 8, -10],
			"to": [31.5, 8, 9],
			"rotation": {"angle": 0, "axis": "y", "origin": [16, 0, -1]},
			"faces": {
				"up": {"uv": [14.5, 6.5, 14.25, 11.25], "rotation": 180, "texture": "#1"},
				"down": {"uv": [14.5, 6.5, 14.25, 11.25], "texture": "#1"}
			}
		},
		{
			"from": [12, 6, 12],
			"to": [32, 7, 20],
			"rotation": {"angle": 0, "axis": "z", "origin": [12, 6.5, 16]},
			"faces": {
				"north": {"uv": [0.5, 11.75, 4.25, 12], "texture": "#1"},
				"east": {"uv": [1.25, 8.75, 0.75, 9], "texture": "#1"},
				"south": {"uv": [4.25, 11.75, 0.5, 12], "texture": "#1"},
				"west": {"uv": [2.25, 8.75, 1.75, 9], "texture": "#1"},
				"up": {"uv": [0.5, 12.25, 4.25, 13.5], "rotation": 180, "texture": "#1"},
				"down": {"uv": [4.25, 13.5, 0.5, 12.25], "texture": "#1"}
			}
		},
		{
			"from": [-16, 6, 12],
			"to": [4, 7, 20],
			"rotation": {"angle": 0, "axis": "z", "origin": [4, 6.5, 16]},
			"faces": {
				"up": {"uv": [11.25, 6.25, 6.25, 8.25], "rotation": 180, "texture": "#1", "tintindex": 0}
			}
		},
		{
			"from": [12, 6, 12],
			"to": [32, 7, 20],
			"rotation": {"angle": 0, "axis": "z", "origin": [12, 6.5, 16]},
			"faces": {
				"up": {"uv": [6.25, 6.25, 11.25, 8.25], "rotation": 180, "texture": "#1", "tintindex": 0}
			}
		},
		{
			"from": [13, 7, 9],
			"to": [18, 12, 26],
			"rotation": {"angle": 45, "axis": "z", "origin": [14.5, 8.5, 16.5]},
			"faces": {
				"north": {"uv": [10.75, 4.25, 9.5, 5.5], "texture": "#1"},
				"east": {"uv": [10.75, 4.25, 9.5, 0], "rotation": 90, "texture": "#1"},
				"south": {"uv": [0, 0, 5, 5], "rotation": 270, "texture": "#2"},
				"west": {"uv": [9.5, 0, 8.25, 4.25], "rotation": 90, "texture": "#1"},
				"up": {"uv": [9.5, 4.25, 10.75, 0], "texture": "#1"},
				"down": {"uv": [8.25, 0, 9.5, 4.25], "texture": "#1"}
			}
		},
		{
			"from": [5, 0, 9],
			"to": [10, 5, 26],
			"rotation": {"angle": -45, "axis": "z", "origin": [1.5, 8.5, 16.5]},
			"faces": {
				"east": {"uv": [13.25, 4.25, 12, 0], "rotation": 90, "texture": "#1", "tintindex": 0},
				"west": {"uv": [14.5, 0, 13.25, 4.25], "rotation": 90, "texture": "#1", "tintindex": 0},
				"up": {"uv": [14.5, 4.25, 13.25, 0], "texture": "#1", "tintindex": 0},
				"down": {"uv": [13.25, 0, 12, 4.25], "texture": "#1", "tintindex": 0}
			}
		},
		{
			"from": [6, 0, 9],
			"to": [11, 5, 26],
			"rotation": {"angle": 45, "axis": "z", "origin": [14.5, 8.5, 16.5]},
			"faces": {
				"east": {"uv": [14.5, 4.25, 13.25, 0], "rotation": 90, "texture": "#1", "tintindex": 0},
				"west": {"uv": [13.25, 0, 12, 4.25], "rotation": 90, "texture": "#1", "tintindex": 0},
				"up": {"uv": [13.25, 4.25, 14.5, 0], "texture": "#1", "tintindex": 0},
				"down": {"uv": [12, 0, 13.25, 4.25], "texture": "#1", "tintindex": 0}
			}
		},
		{
			"from": [13, 7, 9],
			"to": [18, 12, 26],
			"rotation": {"angle": 45, "axis": "z", "origin": [14.5, 8.5, 16.5]},
			"faces": {
				"east": {"uv": [14.5, 4.25, 13.25, 0], "rotation": 90, "texture": "#1", "tintindex": 0},
				"west": {"uv": [13.25, 0, 12, 4.25], "rotation": 90, "texture": "#1", "tintindex": 0},
				"up": {"uv": [13.25, 4.25, 14.5, 0], "texture": "#1", "tintindex": 0},
				"down": {"uv": [12, 0, 13.25, 4.25], "texture": "#1", "tintindex": 0}
			}
		},
		{
			"from": [-2, 7, 9],
			"to": [3, 12, 26],
			"rotation": {"angle": -45, "axis": "z", "origin": [1.5, 8.5, 16.5]},
			"faces": {
				"east": {"uv": [13.25, 4.25, 12, 0], "rotation": 90, "texture": "#1", "tintindex": 0},
				"west": {"uv": [14.5, 0, 13.25, 4.25], "rotation": 90, "texture": "#1", "tintindex": 0},
				"up": {"uv": [14.5, 4.25, 13.25, 0], "texture": "#1", "tintindex": 0},
				"down": {"uv": [13.25, 0, 12, 4.25], "texture": "#1", "tintindex": 0}
			}
		},
		{
			"from": [-15, 1.5, -7],
			"to": [-13, 4.5, -7],
			"rotation": {"angle": 22.5, "axis": "z", "origin": [3.5, 2.75, 14.5]},
			"faces": {
				"north": {"uv": [14.25, 10, 14.5, 10.75], "texture": "#1"},
				"south": {"uv": [14.25, 10, 14.5, 10.75], "texture": "#1"}
			}
		},
		{
			"from": [-14.5, 3, -10],
			"to": [-13.5, 3, 9],
			"rotation": {"angle": 22.5, "axis": "z", "origin": [3.5, 2.75, 14.5]},
			"faces": {
				"up": {"uv": [14.25, 6.75, 14.5, 11.5], "rotation": 180, "texture": "#1"},
				"down": {"uv": [14.25, 6.75, 14.5, 11.5], "texture": "#1"}
			}
		},
		{
			"from": [-15, 2, 9],
			"to": [-13, 4, 23],
			"rotation": {"angle": 22.5, "axis": "z", "origin": [3.5, 2.75, 14.5]},
			"faces": {
				"north": {"uv": [9.25, 3.25, 9.75, 3.75], "texture": "#1"},
				"east": {"uv": [14.25, 6.75, 14.75, 3.25], "rotation": 90, "texture": "#1"},
				"south": {"uv": [9.25, 3.25, 9.75, 3.75], "texture": "#1"},
				"west": {"uv": [14.25, 3.25, 14.75, 6.75], "rotation": 90, "texture": "#1"},
				"up": {"uv": [14.25, 6.75, 14.75, 3.25], "texture": "#1"},
				"down": {"uv": [14.25, 3.25, 14.75, 6.75], "texture": "#1"}
			}
		},
		{
			"from": [-15, 4, 12],
			"to": [5, 5, 20],
			"rotation": {"angle": 22.5, "axis": "z", "origin": [3.5, 2.75, 14.5]},
			"faces": {
				"north": {"uv": [4.25, 11.75, 0.5, 12], "texture": "#1"},
				"east": {"uv": [2, 9, 2.5, 9.25], "texture": "#1"},
				"south": {"uv": [0.5, 11.75, 4.25, 12], "texture": "#1"},
				"west": {"uv": [0.25, 8.75, 0.75, 9], "texture": "#1"},
				"up": {"uv": [4.25, 12.25, 0.5, 13.5], "rotation": 180, "texture": "#1"},
				"down": {"uv": [0.5, 13.5, 4.25, 12.25], "texture": "#1"}
			}
		},
		{
			"from": [29, 1.5, -7],
			"to": [31, 4.5, -7],
			"rotation": {"angle": -22.5, "axis": "z", "origin": [12.5, 2.75, 14.5]},
			"faces": {
				"north": {"uv": [14.5, 10, 14.25, 10.75], "texture": "#1"},
				"south": {"uv": [14.5, 10, 14.25, 10.75], "texture": "#1"}
			}
		},
		{
			"from": [29.5, 3, -10],
			"to": [30.5, 3, 9],
			"rotation": {"angle": -22.5, "axis": "z", "origin": [12.5, 2.75, 14.5]},
			"faces": {
				"up": {"uv": [14.5, 6.75, 14.25, 11.5], "rotation": 180, "texture": "#1"},
				"down": {"uv": [14.5, 6.75, 14.25, 11.5], "texture": "#1"}
			}
		},
		{
			"from": [11, 4, 12],
			"to": [31, 5, 20],
			"rotation": {"angle": -22.5, "axis": "z", "origin": [12.5, 2.75, 14.5]},
			"faces": {
				"north": {"uv": [0.5, 11.75, 4.25, 12], "texture": "#1"},
				"east": {"uv": [1, 8.75, 0.5, 9], "texture": "#1"},
				"south": {"uv": [4.25, 11.75, 0.5, 12], "texture": "#1"},
				"west": {"uv": [2.25, 9, 1.75, 9.25], "texture": "#1"},
				"up": {"uv": [0.5, 12.25, 4.25, 13.5], "rotation": 180, "texture": "#1"},
				"down": {"uv": [4.25, 13.5, 0.5, 12.25], "texture": "#1"}
			}
		},
		{
			"from": [29, 2, 9],
			"to": [31, 4, 23],
			"rotation": {"angle": -22.5, "axis": "z", "origin": [12.5, 2.75, 14.5]},
			"faces": {
				"north": {"uv": [9.75, 3.25, 9.25, 3.75], "texture": "#1"},
				"east": {"uv": [14.25, 6.75, 14.75, 3.25], "rotation": 90, "texture": "#1"},
				"south": {"uv": [9.75, 3.25, 9.25, 3.75], "texture": "#1"},
				"west": {"uv": [14.25, 3.25, 14.75, 6.75], "rotation": 90, "texture": "#1"},
				"up": {"uv": [14.75, 6.75, 14.25, 3.25], "texture": "#1"},
				"down": {"uv": [14.75, 3.25, 14.25, 6.75], "texture": "#1"}
			}
		},
		{
			"name": "cube inverted",
			"from": [12, 9, 22],
			"to": [4, 0, 3],
			"rotation": {"angle": 0, "axis": "y", "origin": [0, 0, -1]},
			"faces": {
				"north": {"uv": [6.25, 6, 8.25, 3.75], "texture": "#1"},
				"east": {"uv": [4.25, 0, 2, 4.75], "rotation": 90, "texture": "#1"},
				"south": {"uv": [6.25, 2.25, 8.25, 0], "texture": "#1"},
				"west": {"uv": [4.25, 4.75, 2, 0], "rotation": 90, "texture": "#1"},
				"up": {"uv": [6.25, 0, 4.25, 4.75], "texture": "#1"},
				"down": {"uv": [2, 0, 0, 4.75], "rotation": 180, "texture": "#1"}
			}
		}
	],
	"display": {
		"gui": {
			"rotation": [33, 143, 0],
			"translation": [0, 1, 0],
			"scale": [0.27, 0.27, 0.27]
		},
		"head": {
			"translation": [0, 12, -14.75],
			"scale": [2.2857, 2.2857, 2.2857]
		}
	},
	"groups": [
		0,
		1,
		2,
		3,
		{
			"name": "owlsdev",
			"origin": [0, 0, 0],
			"color": 0,
			"children": [4, 5, 6, 7, 8, 9, 10, 11, 12, 13, 14, 15, 16, 17, 18, 19, 20, 21, 22, 23, 24, 25, 26, 27, 28, 29, 30, 31, 32, 33, 34, 35, 36, 37]
		}
	]
}