{
  "parent": "minecraft:item/generated",
  "textures": {
    "layer0": "minecraft:item/gold_nugget"
  },
	"overrides": [
        {"predicate":{"custom_model_data":7000},"model":"item/jeqo/battlepass/air"},
        {"predicate":{"custom_model_data":7001},"model":"item/jeqo/battlepass/lock"},
        {"predicate":{"custom_model_data":7002},"model":"item/jeqo/battlepass/unlock"},
        {"predicate":{"custom_model_data":7003},"model":"item/jeqo/battlepass/reward_unclaimed"},
        {"predicate":{"custom_model_data":7004},"model":"item/jeqo/battlepass/reward_claimed"},
        {"predicate":{"custom_model_data":7005},"model":"item/jeqo/battlepass/questbook"},
        {"predicate":{"custom_model_data":7006},"model":"item/jeqo/battlepass/questbook_gray"},
        {"predicate":{"custom_model_data":7007},"model":"item/jeqo/battlepass/reward_locked_gray"},
        {"predicate":{"custom_model_data":7008},"model":"item/jeqo/battlepass/reward_locked_green"}
      ]
    }