{
	"parent": "item/generated",
	"textures": {
		"layer0": "item/string"
	},
	
	"overrides": [
		{"predicate": {"custom_model_data":1}, "model": "custom/pets/bulb"},
		{"predicate": {"custom_model_data":2}, "model": "custom/pets/bulb_sunflower"},
		{"predicate": {"custom_model_data":3}, "model": "custom/pets/bulbcacti"},
		{"predicate": {"custom_model_data":4}, "model": "custom/pets/bulbfungi"},
		{"predicate": {"custom_model_data":5}, "model": "custom/pets/bulbshroom"},
		{"predicate": {"custom_model_data":6}, "model": "custom/pets/bulbwitherrose"},
		{"predicate": {"custom_model_data":7}, "model": "custom/pets/nocsy_otter_v2"}
	]
}